,Bhasan Char,Illegal Activity,People Leaving,Myanmar Rights Views,Mental Health,Trust,Access to Help,Personal Support,Violence,Camp Condition,Sex,How satisfied are you with the level of hygiene and sanitation in the camp?,"Do you think there are enough healthcare facilities for Rohingya (like aid station, health centre, hospital)?",How satisfied are you with the quality of healthcare you and your family are receiving in the camp?,Do you think you are able to exercise your religion freely in the camp?,"How satisfied are you with the number of religious facilities (like madrasas, mosques) in the camp?",Do you think there are enough educational opportunities for Rohingya children below the age of 12 in the camp?,Do you think there are enough educational opportunities for Rohingya adolescents (between 12 and 18 years old) in the camp?,Do you think there are enough educational opportunities for Rohingya adults (older than 18 years old) in the camp?,How satisfied are you with the quality of education you and your family are receiving in the camp?,How satisfied are you with the number of job opportunities available to Rohingya adults in the camp?,How satisfied are you with the income your family makes in the camp?,How do you mostly hear about the news?,Do you consider any Bangladeshis as your friends?,Do you believe Rohingya and Bangladeshis can be good friends?,Do you think that there are Rohingya families who have married their daughter off to Bangladeshi boys/men?,Do you personally know any Rohingya family who has married their daughter off to a Bangladeshi boy/man?,How often do you talk with Rohingya people outside Bangladesh and Myanmar?,How often do you talk with others (non-Rohingya people) outside Bangladesh and Myanmar?,How afraid are you to leave your child unattended in the camp after it gets dark?,Do you think that there are Rohingya families whose child has gone missing since they moved to Bangladesh?,Do you personally know any Rohingya families whose child has gone missing since they moved to this camp?,To what extent do you feel at home in the camp in Bangladesh now?,Where do you think you will be in six months from now?,How do you feel about the future?
14,0,2,0,0,4,1,0,0,1,2,1,3,2,0,2,4,2,0,0,1,3,1,3,0,2,0,0,0,0,0,0,1,1,7,4
18,3,2,2,0,4,5,0,0,1,0,1,1,0,0,2,4,2,0,0,1,0,1,3,2,2,0,0,3,0,0,2,2,1,3,4
19,0,2,1,1,3,0,0,0,1,2,1,1,2,1,2,4,2,2,2,1,1,0,3,2,0,0,0,3,0,3,2,0,1,1,4
20,0,1,5,0,4,3,0,1,0,2,1,4,2,3,2,4,2,0,0,0,3,1,0,2,2,0,0,0,0,0,2,0,1,3,3
21,0,1,2,1,2,5,0,0,2,2,1,3,2,0,2,4,2,0,0,1,1,1,3,0,0,0,0,0,0,2,2,0,1,9,4
22,0,1,0,1,0,4,0,2,2,0,1,3,2,1,2,4,2,0,0,3,1,1,0,0,0,0,0,0,0,1,2,0,3,3,3
23,0,2,1,0,2,1,3,1,1,0,1,1,2,1,2,4,2,0,0,1,0,1,3,0,2,0,0,3,0,0,2,0,1,3,4
24,0,1,2,0,0,5,0,2,2,1,1,1,2,3,2,4,2,0,0,0,1,0,3,0,0,0,0,0,0,0,2,0,1,1,4
25,0,2,3,0,3,1,0,0,1,2,1,3,2,3,2,4,2,0,0,1,0,0,3,0,2,2,0,0,0,0,2,0,1,3,3
26,0,2,2,0,3,1,0,1,3,2,1,3,2,1,2,4,2,0,0,0,3,3,0,2,2,0,0,0,0,0,2,0,1,3,4
27,0,2,2,0,2,0,0,0,4,0,1,3,2,0,2,4,2,0,0,3,1,1,3,2,2,2,0,0,0,0,2,0,1,3,4
28,0,2,0,1,4,3,0,3,1,2,1,3,2,0,2,4,2,0,0,3,1,0,3,0,0,0,0,0,0,2,0,1,3,3,3
29,0,2,1,0,0,5,3,0,0,1,1,1,2,3,2,4,2,0,0,1,1,1,4,2,2,0,0,0,0,0,2,0,1,3,2
30,0,2,0,0,4,0,0,0,0,1,1,1,2,3,2,4,2,0,0,3,1,1,3,2,2,0,0,0,0,0,2,0,1,3,4
31,0,2,2,0,0,0,0,4,4,2,1,1,0,1,2,4,2,0,0,1,1,1,3,2,2,0,0,0,0,0,2,0,1,3,3
32,3,2,2,0,2,0,0,0,4,2,1,3,2,3,2,4,2,0,0,3,1,0,0,0,0,0,0,0,0,0,2,0,1,3,4
33,0,2,2,0,2,5,0,3,0,1,1,1,2,1,2,4,2,0,0,3,1,1,3,2,2,0,0,6,0,2,2,0,1,3,4
34,0,2,2,0,0,1,0,3,3,2,1,3,0,0,2,4,2,0,0,3,1,0,3,2,2,2,0,3,0,0,2,0,1,3,3
39,0,1,1,0,0,1,1,2,0,0,0,1,0,1,2,3,2,0,0,1,3,3,0,2,2,0,0,1,2,0,0,1,1,3,3
40,0,2,5,2,1,1,1,2,0,0,0,3,0,3,2,3,2,0,0,1,3,3,0,2,2,0,0,1,0,0,0,1,1,3,3
41,0,1,5,2,2,1,3,2,0,0,0,3,2,3,2,3,2,0,0,1,1,1,0,2,2,0,0,1,0,0,0,1,1,3,3
42,0,1,2,2,2,1,1,2,0,0,0,3,2,1,2,3,2,0,0,1,3,3,3,2,2,0,0,1,0,0,0,1,1,1,3
43,0,1,5,2,3,1,1,2,0,0,0,1,2,1,2,3,2,0,0,1,1,1,0,2,2,0,0,1,0,3,0,1,2,3,3
44,0,1,2,2,1,1,3,2,0,0,0,3,2,3,2,3,2,0,0,1,0,1,0,2,2,0,0,1,0,0,0,1,1,3,3
45,0,1,5,2,2,1,3,0,0,0,1,3,2,1,2,3,2,0,0,1,0,0,3,2,2,0,0,1,0,3,0,1,1,3,3
46,0,1,5,2,2,1,3,2,0,0,0,3,2,1,2,3,2,0,0,1,3,3,0,2,2,0,0,1,0,3,0,1,1,3,3
47,0,1,5,2,1,1,3,2,0,0,0,3,2,1,2,3,2,0,0,1,3,1,3,2,2,0,0,1,0,0,0,1,1,3,3
48,0,1,0,2,1,1,1,2,0,0,0,3,2,1,2,3,2,0,0,1,0,0,3,2,2,0,0,1,0,0,0,1,1,3,3
49,0,1,5,2,2,1,1,2,0,0,0,3,2,1,2,3,2,0,0,1,0,0,3,2,2,0,0,1,0,0,0,1,2,3,3
50,0,1,5,2,3,1,1,2,0,0,0,3,2,3,2,3,2,0,0,1,0,0,3,2,2,0,0,1,0,3,0,1,2,3,3
51,0,1,5,2,1,1,1,3,0,0,0,1,0,1,2,3,2,0,0,1,0,0,3,2,2,0,0,1,0,3,0,1,1,1,3
52,0,1,5,2,1,1,1,2,0,0,0,3,2,1,2,3,2,0,0,1,3,3,0,2,2,0,0,1,0,3,0,1,1,3,3
53,0,1,5,2,1,1,1,2,0,0,0,1,2,1,2,3,2,0,0,1,3,3,0,2,2,0,0,1,0,0,0,1,2,1,3
54,0,1,5,2,1,1,1,2,0,0,0,3,2,1,2,3,2,0,0,1,3,3,0,2,2,0,0,5,2,0,0,1,1,1,3
55,0,1,0,2,3,1,3,2,0,0,0,1,2,1,2,3,2,0,0,1,0,0,3,2,2,0,0,5,0,0,0,1,1,3,3
56,0,1,5,2,2,1,3,0,1,0,0,1,2,1,2,3,2,0,0,1,1,1,3,2,2,0,0,1,0,0,0,1,1,3,3
57,0,1,0,2,0,1,3,2,0,0,1,1,2,1,2,3,2,0,0,1,0,0,3,2,2,0,0,1,0,0,0,1,1,3,3
58,2,2,5,0,0,6,3,1,1,0,1,0,2,1,2,0,2,0,0,1,3,1,4,2,2,0,0,0,0,2,2,2,0,7,1
59,2,2,1,0,2,6,0,0,2,1,0,3,2,3,2,3,2,0,0,3,3,1,0,2,2,0,0,0,0,2,0,1,0,7,3
60,2,2,2,2,2,4,0,1,3,0,1,3,2,1,2,0,2,0,0,1,3,1,4,2,2,0,0,1,0,2,0,1,1,7,0
61,2,2,1,0,0,4,0,0,0,2,0,3,2,1,2,0,2,0,0,1,3,4,0,2,2,0,0,1,0,3,2,0,0,7,4
62,2,2,1,0,1,5,3,0,3,0,0,3,2,3,2,0,2,2,2,1,1,1,0,2,2,0,0,0,0,1,0,1,0,7,1
63,2,2,2,0,0,5,0,1,4,0,0,3,2,1,2,0,2,0,0,3,3,1,0,2,2,0,0,0,0,2,0,1,0,7,1
64,1,2,3,0,0,5,3,1,4,0,1,3,2,1,2,4,2,0,0,3,3,1,4,2,2,0,0,0,0,2,0,0,0,7,2
65,2,2,2,0,0,5,3,1,3,0,1,3,2,1,2,4,2,0,0,3,3,1,4,2,2,0,0,0,0,2,0,1,0,7,2
66,2,2,2,0,2,4,3,1,4,0,1,3,2,1,2,4,2,0,0,3,3,1,3,2,2,0,0,0,0,2,0,1,0,7,3
67,2,2,5,0,0,6,0,4,3,2,0,3,2,3,2,4,2,0,0,1,3,1,1,2,2,2,2,0,0,2,2,0,0,7,3
68,2,2,0,0,0,6,0,0,3,0,0,1,2,3,2,4,2,0,0,3,3,1,0,2,2,0,0,1,0,1,2,0,1,7,3
69,2,2,2,0,0,3,0,1,0,0,0,3,2,3,2,4,2,0,0,3,4,1,0,2,2,0,0,1,0,2,2,0,0,7,3
70,2,2,2,0,3,4,0,0,3,0,1,3,2,3,2,4,2,0,0,3,3,1,3,2,2,0,0,0,0,2,2,0,0,7,3
71,2,2,2,0,1,4,0,1,3,0,0,3,2,3,2,4,2,0,0,3,3,1,0,2,2,0,0,1,0,2,2,0,1,7,3
72,2,2,3,0,1,4,0,1,3,0,0,3,2,1,2,4,2,0,0,3,1,1,3,2,2,0,0,0,0,2,2,0,1,7,3
73,2,2,2,0,0,1,0,1,4,0,1,1,2,1,2,4,2,0,0,4,1,1,4,2,2,0,0,1,0,2,2,0,0,7,3
74,1,2,3,0,3,4,0,0,3,0,1,4,2,4,2,4,2,0,0,3,3,1,3,2,2,0,0,0,0,2,2,0,1,7,3
75,2,2,1,0,3,4,0,0,3,0,0,4,2,1,2,4,2,0,0,1,3,3,0,2,2,0,0,1,0,2,2,0,0,7,3
76,2,2,2,0,0,4,3,3,0,0,1,3,2,3,2,3,2,0,0,3,3,1,4,2,2,0,0,1,0,2,0,1,1,7,3
77,0,1,0,0,2,1,1,4,2,0,0,4,2,1,2,4,2,0,0,1,1,1,0,2,2,0,0,0,0,2,2,0,0,3,1
78,0,2,0,0,3,1,3,4,2,2,0,3,2,1,2,4,2,0,0,1,1,1,3,2,2,0,0,0,0,2,2,0,0,3,1
79,0,2,0,0,3,1,3,4,2,2,1,3,2,1,2,4,2,0,0,0,1,1,3,2,2,0,0,0,0,2,2,0,0,6,2
80,0,1,0,0,4,0,1,4,4,2,1,3,2,1,2,4,2,0,0,1,1,1,3,2,2,2,0,1,0,0,2,0,0,7,1
81,0,1,3,0,3,0,3,4,2,0,1,4,2,1,2,4,2,0,0,1,1,1,3,2,2,0,0,0,0,0,2,0,0,3,2
82,0,1,1,0,3,1,3,3,4,0,0,4,2,1,2,4,2,0,0,3,1,1,3,2,2,0,0,1,0,2,2,0,0,3,3
83,0,1,0,0,2,0,0,4,4,2,0,4,2,1,2,4,2,0,0,1,1,1,3,2,2,0,0,1,0,0,2,0,0,3,3
84,0,1,0,0,1,1,3,3,2,0,0,4,2,0,2,4,2,0,0,0,0,1,3,2,2,0,0,5,0,0,2,0,0,7,1
85,0,1,0,0,0,1,3,3,2,0,0,4,0,1,2,4,2,0,0,1,1,1,3,2,2,0,0,1,0,2,2,0,0,9,3
86,0,1,0,0,0,1,3,4,2,2,0,3,2,1,2,1,2,0,0,1,1,1,3,2,2,2,2,5,0,0,2,2,0,6,3
87,0,1,0,0,0,3,3,4,0,2,1,3,2,1,2,4,2,0,0,3,1,1,3,2,2,0,0,0,0,2,2,0,0,3,1
88,2,1,3,0,4,3,3,4,2,0,1,3,2,1,2,4,2,0,0,1,1,1,3,2,2,0,0,0,0,2,2,0,0,3,2
89,2,1,0,0,0,0,3,4,2,0,0,4,2,1,2,4,2,0,0,1,1,1,3,2,2,0,0,5,0,2,2,0,0,3,2
90,2,1,0,2,2,1,3,4,2,2,0,4,2,1,2,4,2,0,0,1,1,0,3,2,2,0,0,6,0,0,2,0,0,1,1
91,2,1,3,2,2,1,3,4,4,2,1,3,2,1,2,4,2,0,0,1,1,1,4,2,2,0,0,5,0,2,2,0,0,1,2
92,0,1,1,2,1,4,3,4,2,2,0,1,2,1,2,4,2,0,0,1,1,1,3,2,2,0,0,1,0,2,2,0,0,1,2
93,2,1,1,0,1,0,3,4,2,2,0,4,2,1,2,4,2,0,0,1,1,1,2,2,2,0,0,1,0,0,2,0,0,3,2
94,3,1,1,0,4,0,3,4,2,2,0,4,2,1,2,4,2,0,0,1,1,1,3,2,2,0,0,1,0,3,2,0,0,3,2
95,2,1,0,2,1,1,3,4,2,0,0,4,2,1,2,4,2,0,0,1,1,1,3,2,2,0,0,1,0,0,2,0,0,1,2
96,2,1,0,0,0,0,3,4,2,0,0,3,2,1,2,4,2,2,0,1,1,1,3,2,2,0,0,1,0,2,2,0,0,3,1
97,2,1,3,2,1,0,3,4,2,2,0,4,2,1,2,4,2,0,0,1,1,1,0,2,2,0,0,1,0,2,2,0,0,1,3
98,2,1,3,2,2,0,3,4,4,0,0,3,2,0,2,4,2,0,0,1,1,0,3,2,2,0,0,1,0,0,2,0,0,1,1
99,2,1,0,0,1,1,3,4,2,0,0,3,2,1,2,4,2,0,0,1,1,1,3,2,2,0,0,1,0,0,2,0,0,3,1
100,0,1,0,0,1,0,3,4,2,2,0,3,0,0,2,4,2,0,0,1,0,1,3,2,2,0,0,1,0,0,2,0,0,3,1
101,2,1,0,0,2,1,3,4,2,0,0,4,2,1,2,4,2,0,0,0,1,1,3,2,2,0,0,5,0,0,2,0,0,3,1
102,2,1,3,0,0,3,3,4,4,0,1,4,0,0,2,4,2,0,0,1,1,1,3,2,2,0,0,0,0,0,2,0,0,3,2
103,0,1,0,0,2,3,3,4,2,0,0,3,2,1,2,4,2,0,0,1,1,1,3,2,2,0,0,1,0,0,2,2,0,7,3
104,0,1,0,2,2,0,3,4,2,0,0,4,0,1,2,4,2,0,0,1,1,1,3,2,2,0,0,0,0,0,2,0,0,1,3
105,2,1,0,2,1,3,3,4,2,2,0,1,2,1,2,4,2,0,0,1,0,1,3,2,2,0,0,0,0,0,2,0,0,1,3
106,0,2,2,0,0,1,0,3,3,2,1,1,2,0,2,4,2,0,0,3,1,0,3,2,2,0,0,0,0,0,2,0,1,3,3
107,0,2,2,0,0,1,0,1,1,0,1,3,2,1,2,4,2,0,0,1,3,3,3,0,0,0,0,3,0,3,2,0,1,9,4
108,0,2,1,0,2,0,0,1,1,2,1,1,0,1,2,4,2,0,0,1,1,0,3,0,2,0,0,3,0,0,2,0,0,3,3
109,0,2,1,0,3,3,0,3,1,1,1,1,2,1,2,3,2,0,0,1,1,0,0,0,2,2,0,0,0,2,2,0,1,3,4
110,0,2,3,2,0,0,1,0,4,2,1,3,2,3,2,4,2,0,0,3,1,0,4,0,2,0,0,0,0,0,2,0,1,3,2
111,0,2,5,1,0,0,2,3,1,0,1,1,0,1,2,4,2,0,0,3,1,0,3,0,0,0,0,0,0,2,2,0,0,9,3
112,0,2,2,0,0,1,0,3,3,2,1,1,0,1,2,4,2,0,0,1,1,1,3,0,0,2,0,0,0,0,2,0,1,3,2
113,0,2,2,0,0,0,0,0,3,2,1,3,2,3,2,4,2,0,0,3,1,0,3,0,2,2,0,2,0,0,2,0,1,3,3
114,0,2,1,0,0,3,3,3,1,2,1,1,2,1,2,4,2,0,0,3,1,1,3,0,0,0,0,0,0,0,2,2,1,3,4
115,0,2,2,0,0,0,0,1,0,2,1,3,0,1,2,4,2,0,0,3,0,1,4,0,2,2,2,3,0,0,2,0,1,9,3
116,0,2,3,2,0,4,0,0,1,2,1,3,2,3,2,4,2,0,0,3,3,3,0,2,2,0,0,0,0,0,2,0,1,1,3
117,0,2,2,0,2,2,0,0,1,2,1,3,2,4,2,4,2,0,0,1,3,3,0,0,0,0,0,1,0,0,2,0,1,3,3
118,0,2,5,2,0,0,0,0,1,0,1,3,2,3,2,4,2,0,0,1,0,1,3,0,0,0,0,0,0,0,2,0,1,1,3
119,0,2,2,1,0,0,0,0,3,2,1,3,2,3,2,4,2,0,0,4,0,1,3,0,2,0,0,0,0,0,2,0,1,3,3
120,0,2,2,2,0,0,0,0,0,2,1,3,2,1,2,4,2,0,0,3,3,4,0,2,2,0,0,0,0,0,2,2,1,9,3
121,0,2,2,1,2,0,0,1,1,2,1,3,2,1,2,4,2,0,0,1,0,0,3,0,2,0,0,0,0,0,2,0,1,3,2
122,0,2,1,0,3,4,0,0,1,2,1,4,2,4,2,3,2,0,0,1,3,3,0,2,2,0,0,3,0,3,2,0,1,3,3
123,0,2,2,1,2,1,0,1,1,0,1,1,2,1,2,4,2,0,0,1,0,1,3,0,2,0,0,0,0,0,2,0,1,9,3
124,0,2,5,2,2,5,0,0,1,1,1,3,2,4,2,4,2,0,0,1,3,3,3,2,2,2,0,2,0,0,2,0,1,3,3
125,0,2,1,1,0,1,0,0,1,2,1,3,2,4,2,4,2,0,0,3,3,3,0,2,2,0,0,0,0,0,2,0,1,3,3
126,0,1,2,0,3,3,3,4,3,0,1,3,2,1,2,4,2,0,0,3,3,1,3,2,2,0,0,0,0,0,2,0,1,5,3
127,0,1,2,0,4,0,0,1,3,0,1,3,2,1,2,4,2,0,0,3,3,1,4,2,2,0,0,1,0,0,2,0,1,3,3
128,0,1,3,0,1,3,3,0,4,2,1,3,2,1,2,4,2,0,0,3,3,3,0,2,2,0,0,0,0,0,0,1,1,3,3
129,2,1,3,0,2,2,3,3,3,0,1,3,2,1,2,4,2,0,0,3,3,1,3,2,2,0,0,0,0,0,2,0,1,9,3
130,0,1,1,0,0,3,0,0,3,0,0,3,2,3,2,4,2,0,0,3,1,1,3,2,2,0,0,0,0,0,0,1,1,5,3
131,2,1,2,0,4,4,0,0,3,0,0,3,2,1,2,4,2,0,0,3,3,3,0,2,2,0,0,1,0,0,2,0,1,1,3
132,0,1,2,0,0,6,0,4,3,0,1,3,2,1,2,4,2,0,0,3,3,1,3,2,2,0,0,0,0,1,2,0,0,3,3
133,0,1,2,0,0,2,3,0,3,0,1,3,2,1,2,4,2,0,0,3,3,3,4,2,2,0,0,0,0,2,0,1,1,3,3
134,0,1,2,0,0,2,3,0,3,0,1,3,2,1,2,4,2,0,0,3,3,1,3,2,2,0,0,0,0,0,2,0,1,7,3
135,0,1,5,2,1,1,1,2,3,0,0,1,2,1,2,3,2,0,0,1,0,0,3,2,2,0,0,0,0,2,0,1,3,1,3
136,0,1,5,2,1,1,3,2,0,1,0,3,0,1,2,3,2,0,0,1,3,3,0,2,2,0,0,3,4,3,0,1,2,1,3
137,0,1,5,2,1,1,3,2,1,0,0,3,2,1,2,3,2,0,0,1,3,3,0,2,2,0,0,1,4,0,0,1,2,1,3
138,0,1,5,2,0,1,3,2,0,0,1,1,2,1,2,3,2,0,0,1,0,0,3,2,2,0,0,1,0,0,0,1,1,3,3
139,0,1,5,2,1,1,3,2,1,0,0,1,0,1,2,3,2,0,0,1,0,0,3,2,2,0,0,1,0,0,0,1,1,3,3
140,0,1,4,2,1,1,3,2,0,0,0,1,2,1,2,3,2,0,0,1,1,1,0,2,2,0,0,1,0,3,0,1,2,1,3
141,0,1,4,2,2,1,3,2,0,0,0,1,2,1,2,3,2,0,0,1,1,1,3,2,2,0,0,1,0,0,0,1,1,3,3
142,0,1,5,2,1,1,3,2,1,0,0,1,0,1,2,3,2,0,0,1,1,1,3,2,2,0,0,1,0,0,0,1,2,3,3
143,0,1,4,2,2,1,1,2,1,0,0,1,0,1,2,3,2,0,0,1,1,1,3,2,2,0,0,1,0,0,0,1,2,3,3
144,0,1,2,2,0,1,1,2,0,0,1,1,0,1,2,1,2,0,0,1,0,0,3,2,2,0,0,1,0,0,0,1,1,1,3
145,0,1,2,2,2,1,3,2,0,0,0,1,0,1,2,3,2,0,0,1,1,1,3,2,2,0,0,1,0,0,0,1,2,1,3
146,0,1,4,2,0,1,3,2,1,0,0,1,0,1,2,3,2,0,0,1,0,0,3,2,2,0,0,1,0,0,0,1,1,3,3
147,0,1,5,2,3,1,3,2,1,0,0,1,0,1,2,3,2,0,0,1,1,1,0,2,2,0,0,1,0,0,0,1,1,1,3
148,0,1,5,2,0,1,3,2,0,0,0,1,0,1,2,3,2,0,0,1,1,1,3,2,2,0,0,1,0,3,0,1,1,3,3
149,0,1,2,2,0,1,3,2,0,0,0,1,0,1,2,3,2,0,0,1,1,1,3,2,2,0,0,1,0,0,0,1,1,3,3
150,0,1,2,2,2,5,1,2,0,1,0,3,2,1,2,3,2,0,0,3,3,3,0,2,0,0,0,1,0,0,2,0,1,3,3
151,0,1,2,2,3,5,1,2,0,0,0,3,2,1,2,3,2,0,0,3,1,1,0,2,0,0,0,0,0,0,2,0,0,3,3
152,0,1,5,2,2,5,1,2,0,0,0,3,2,1,2,3,2,0,0,3,1,1,0,2,2,0,0,1,0,0,2,0,0,1,3
153,0,1,4,2,2,5,1,2,0,1,0,3,2,1,2,3,2,0,0,3,1,1,0,2,2,0,0,1,0,0,2,0,0,1,3
154,0,1,5,2,2,5,1,2,0,1,0,3,2,1,2,3,2,0,0,1,3,3,0,2,2,0,0,5,0,0,2,0,0,3,3
155,1,1,5,2,0,5,1,2,0,1,0,3,2,1,2,3,2,0,0,1,1,1,3,2,2,0,0,1,0,0,0,1,0,3,3
156,0,1,5,0,2,0,2,1,3,2,1,3,2,1,2,4,2,0,0,1,0,1,3,2,2,2,0,0,0,0,2,0,0,3,2
157,0,1,2,2,0,4,0,1,4,2,1,3,2,1,2,4,2,0,0,3,1,0,3,2,2,0,0,3,0,0,2,0,1,1,3
158,0,2,2,1,0,0,2,1,4,2,1,4,2,1,2,4,2,0,0,3,1,0,3,2,2,0,0,0,0,0,0,1,1,3,3
159,0,1,5,1,0,0,0,1,3,1,1,4,2,1,2,4,2,0,0,3,3,1,0,2,2,0,0,0,0,0,2,0,1,3,3
160,0,1,2,0,0,6,3,0,0,2,1,4,2,1,2,4,2,0,0,1,1,0,3,2,2,0,0,6,0,0,2,0,0,9,3
161,0,1,2,2,0,0,2,1,3,2,1,4,2,0,2,4,2,0,0,1,1,0,3,2,2,0,0,0,0,0,0,1,0,1,2
162,0,1,2,2,3,0,3,0,3,2,1,4,2,3,2,4,2,0,0,3,1,0,3,2,2,0,0,2,0,0,2,0,0,3,3
163,2,1,2,2,0,0,0,0,0,2,1,4,2,4,2,4,2,0,0,4,1,3,4,2,2,0,0,0,0,0,2,0,0,1,2
164,1,1,2,2,3,0,3,1,4,2,1,4,2,1,2,4,2,0,0,3,1,1,3,2,2,0,0,0,0,0,0,1,0,3,1
165,0,1,2,0,0,0,0,0,0,1,1,4,2,3,2,4,2,0,0,1,0,1,3,2,2,0,0,0,0,0,2,0,0,3,3
166,0,1,2,0,0,4,3,0,3,2,1,4,2,3,2,4,2,0,0,3,0,1,3,2,2,0,0,0,0,0,2,0,1,3,2
167,0,2,2,1,3,0,0,1,1,2,1,3,2,1,2,4,2,0,0,1,0,1,3,2,2,0,0,0,0,0,2,0,0,3,3
168,0,1,3,0,4,3,3,3,1,0,1,3,2,1,2,4,2,0,0,3,3,1,3,2,2,0,0,6,0,3,2,0,0,3,3
169,0,1,3,0,3,0,3,3,2,0,1,3,2,3,2,4,2,0,0,3,3,1,3,2,2,0,0,0,0,2,0,1,0,3,4
170,1,1,3,0,0,0,0,1,3,1,0,3,2,1,2,4,2,0,0,1,3,1,0,2,2,0,0,0,0,3,2,0,0,3,3
171,0,1,2,0,0,0,0,3,2,0,0,3,2,3,2,4,2,0,0,1,3,3,0,2,2,0,0,0,0,3,2,0,1,3,3
172,0,1,3,0,3,0,2,3,4,0,0,3,2,1,2,4,2,0,0,1,3,1,0,2,2,0,0,4,0,0,2,0,0,1,3
173,0,1,0,2,0,0,2,4,4,2,0,3,2,1,2,4,2,0,0,1,3,1,3,2,2,0,0,0,0,0,2,0,0,3,3
174,0,1,1,0,0,6,3,3,2,0,0,3,2,1,2,4,2,0,0,3,3,3,0,2,2,0,0,0,0,0,2,0,0,3,3
175,0,1,2,0,0,4,3,3,4,0,1,3,2,1,2,4,2,0,0,3,3,3,3,2,2,0,0,1,0,0,2,0,1,3,3
176,0,1,1,0,1,0,3,3,1,0,0,4,2,1,2,4,2,0,0,1,1,1,0,2,2,0,0,1,0,0,2,2,1,3,2
177,0,1,1,0,0,0,3,4,1,0,0,4,2,1,2,4,2,0,0,1,1,1,0,2,2,0,0,1,0,0,2,0,0,3,2
178,0,1,3,0,0,0,3,3,1,0,1,4,2,1,2,4,2,0,0,3,1,1,3,0,2,0,0,0,0,2,2,0,0,3,1
179,0,1,2,0,3,0,3,4,1,2,1,4,2,1,2,4,2,0,0,3,1,1,3,0,2,0,0,1,0,0,2,0,0,7,2
180,0,1,3,2,2,0,3,4,1,2,0,4,2,1,2,4,2,0,0,1,1,0,3,0,2,0,0,1,0,0,2,0,0,3,3
181,0,1,0,0,3,0,0,3,2,0,0,4,2,1,2,4,2,0,0,1,1,1,3,2,2,0,0,1,0,0,2,0,0,3,1
182,0,1,0,0,2,0,3,3,1,2,0,4,2,1,2,4,2,0,0,1,1,1,3,0,0,0,0,5,0,0,2,0,0,3,1
183,0,1,1,0,3,2,3,4,2,2,0,3,2,1,2,4,2,0,0,0,0,1,2,0,2,0,0,1,0,2,2,0,0,3,1
184,0,1,1,0,1,0,3,4,3,2,0,4,2,0,2,4,2,0,0,1,1,1,3,0,2,0,0,5,0,2,2,0,0,3,1
185,0,1,0,0,1,2,3,4,2,0,0,3,2,0,2,4,2,0,0,1,0,1,3,0,2,0,0,0,0,0,2,0,0,3,1
186,0,1,0,0,3,0,3,4,2,2,0,4,2,0,2,4,2,0,0,1,1,1,2,0,2,0,0,0,0,0,2,0,0,3,1
187,0,1,3,0,3,2,3,4,2,2,1,3,2,1,2,4,2,0,0,1,1,1,4,0,2,0,0,1,0,0,2,0,0,3,1
188,0,1,3,0,0,2,3,4,2,2,1,4,2,0,2,4,2,0,0,1,0,1,3,0,2,0,0,5,0,0,2,0,0,3,1
189,0,1,3,0,2,2,0,4,2,2,0,3,2,1,2,4,2,0,0,1,0,1,3,0,2,0,0,1,0,2,2,0,0,3,1
190,0,1,1,0,1,0,0,4,2,2,0,4,2,1,2,4,2,0,0,1,1,1,3,0,2,0,0,5,0,0,2,0,0,3,1
191,0,1,0,0,3,2,2,4,2,2,1,3,2,0,2,4,2,0,0,1,0,1,2,0,2,0,0,0,0,0,2,0,1,3,1
192,0,1,1,0,2,0,3,1,0,2,1,4,2,1,2,4,2,0,0,1,0,0,3,2,2,0,0,6,0,0,2,0,1,3,1
193,0,1,2,1,0,4,0,1,3,2,1,3,2,1,2,4,2,0,0,1,1,3,0,2,2,0,0,0,0,0,2,0,0,3,3
194,2,1,4,1,3,6,0,1,0,0,1,3,2,1,2,3,2,0,0,3,1,0,3,2,2,0,0,0,0,2,2,0,0,7,2
195,0,1,2,0,0,0,3,0,4,2,1,4,2,3,2,3,2,0,0,3,0,1,3,2,2,0,0,0,0,2,2,0,1,1,3
196,0,1,4,1,2,0,0,1,1,1,1,3,2,1,2,4,2,0,0,3,1,0,3,2,2,0,0,3,0,2,2,0,1,3,2
197,0,1,2,1,2,0,3,0,3,2,1,4,2,4,2,4,2,0,0,3,0,0,3,2,2,0,0,0,0,0,2,0,1,3,2
198,0,1,2,0,0,4,0,0,1,2,1,3,2,3,2,4,2,0,0,3,1,3,0,2,2,0,0,3,0,0,2,0,1,1,3
199,0,1,2,2,0,3,2,1,3,2,1,3,2,1,2,4,2,0,0,3,0,1,3,2,2,0,0,0,0,2,0,1,0,1,2
200,0,1,2,1,0,0,3,0,1,1,1,3,2,3,2,4,2,0,0,3,1,1,3,2,2,0,0,0,0,2,2,0,1,3,3
201,0,1,0,1,0,0,0,0,4,0,1,3,2,3,2,4,2,0,0,3,1,1,3,2,2,0,0,0,0,0,2,0,1,10,3
202,0,1,2,1,2,4,0,1,3,2,1,4,2,1,2,4,2,0,0,3,1,3,0,2,2,0,0,3,0,0,2,0,1,9,3
203,0,1,1,1,0,6,3,0,4,0,1,4,2,4,2,3,2,0,0,3,1,3,3,2,2,0,0,0,0,3,2,0,1,9,3
204,3,1,1,1,0,6,3,1,4,2,1,4,2,1,2,4,2,0,0,3,1,1,3,2,2,0,0,0,0,0,0,1,1,9,3
205,0,1,2,1,2,0,2,0,4,2,1,4,2,3,2,3,2,0,0,1,0,1,3,2,2,0,0,3,0,2,2,0,1,3,3
206,0,1,2,2,4,0,3,1,3,2,1,4,2,1,2,4,2,0,0,3,1,0,3,2,2,0,0,0,0,0,2,0,1,3,3
207,0,1,2,1,0,0,0,1,3,2,1,4,2,1,2,4,2,0,0,3,1,1,3,0,2,0,0,0,0,2,2,0,1,0,2
208,0,1,1,0,0,0,2,0,4,0,1,4,2,3,2,4,2,0,0,3,0,1,3,0,2,0,0,0,0,2,2,0,1,9,4
209,0,1,4,0,2,0,2,3,3,1,1,4,2,1,2,4,2,0,0,1,0,1,3,0,2,0,0,2,0,0,2,0,0,10,2
210,0,1,2,1,0,4,2,0,4,0,1,4,2,3,2,4,2,0,0,3,0,0,3,0,2,0,0,0,0,0,2,0,1,3,2
211,2,1,1,1,0,1,0,1,0,0,1,3,2,1,2,4,2,0,0,1,1,3,0,2,2,0,0,6,0,0,2,0,0,9,4
212,0,1,4,0,2,6,3,3,4,0,0,3,2,1,2,4,2,0,0,3,3,1,3,2,2,0,0,0,0,3,2,0,0,3,1
213,0,1,3,0,3,0,3,3,4,0,1,3,2,1,2,4,2,0,0,3,3,1,3,2,2,0,0,0,0,0,2,0,0,3,3
214,0,1,2,0,2,0,3,1,4,0,0,1,2,1,2,4,2,0,0,1,3,1,3,2,2,0,0,0,0,2,0,1,0,3,3
215,0,1,2,0,0,0,3,3,3,0,1,3,2,1,2,4,2,0,0,3,3,1,3,2,2,0,0,1,0,0,2,0,0,3,3
216,3,1,1,0,0,0,3,1,4,0,0,3,2,1,2,4,2,0,0,3,3,1,0,2,2,0,0,0,0,1,2,0,0,8,3
217,0,1,2,0,0,4,0,1,3,0,0,3,2,3,2,4,2,0,0,1,3,3,0,2,2,0,0,0,0,3,0,1,0,3,3
218,0,1,3,0,2,3,0,3,4,0,1,3,2,3,2,4,2,0,0,3,3,1,3,2,2,0,0,0,0,0,2,0,0,3,3
219,0,1,2,0,0,0,0,1,3,0,1,3,2,3,2,4,2,0,0,3,3,1,3,2,2,0,0,0,0,0,2,0,0,3,3
220,0,1,2,0,1,0,3,0,2,0,0,3,2,3,2,4,2,0,0,1,3,1,0,2,2,0,0,0,0,0,0,1,1,3,1
221,0,1,2,0,4,0,3,3,3,0,0,3,2,3,2,4,2,0,0,3,3,1,0,2,2,0,0,0,0,0,2,0,0,3,1
222,0,1,2,0,0,0,3,3,3,0,1,1,2,3,2,4,2,0,0,3,3,1,3,2,2,0,0,0,0,0,0,1,0,3,1
223,0,1,2,0,0,3,0,3,2,0,0,3,2,1,2,4,2,0,0,3,1,1,0,2,2,0,0,1,0,0,2,0,0,3,1
224,0,1,2,0,0,0,3,1,3,0,1,3,2,1,2,4,2,0,0,1,3,1,3,2,2,0,0,0,0,0,2,0,0,3,1
225,0,1,2,0,2,0,3,0,4,0,1,3,2,3,0,4,2,0,0,1,3,1,3,2,2,0,0,0,0,3,2,0,0,3,3
226,0,1,2,0,4,0,3,3,4,0,1,3,2,1,2,4,2,0,0,3,3,1,3,2,2,0,0,1,0,0,2,0,0,3,3
227,1,1,2,0,0,0,3,1,3,0,1,3,2,1,2,4,2,0,0,3,3,1,3,2,2,0,0,0,0,0,2,0,0,3,1
228,1,1,2,0,0,0,0,4,4,0,1,1,2,1,2,4,2,0,0,3,3,3,1,2,2,0,0,0,0,0,2,0,0,3,1
229,0,1,3,0,4,0,3,0,4,0,1,3,2,1,2,4,2,0,0,3,3,1,3,2,2,0,0,0,0,0,2,0,1,3,1
230,1,1,3,0,0,0,3,3,3,0,1,3,2,1,2,4,2,0,0,3,3,1,3,2,2,0,0,0,0,0,0,0,0,3,1
231,0,1,2,0,0,0,3,1,4,0,1,3,2,1,2,4,2,0,0,1,3,1,3,2,2,0,0,0,0,0,2,0,0,3,3
232,1,1,3,1,4,4,3,1,4,2,1,1,2,3,2,4,2,0,0,3,1,1,3,2,2,0,0,0,0,0,2,0,0,3,1
233,1,1,3,0,0,4,3,3,4,0,1,3,2,1,2,4,2,0,0,3,3,1,3,2,2,0,0,0,0,0,2,0,0,3,3
234,1,1,2,0,0,0,3,3,4,0,1,3,2,1,2,4,2,0,0,3,1,1,3,2,2,0,0,0,0,0,2,0,0,3,1
235,0,1,3,0,4,0,3,3,4,0,1,3,2,1,2,4,2,0,0,3,1,1,3,2,2,0,0,0,0,3,0,1,0,3,3
236,1,1,2,0,0,3,3,3,4,0,1,3,2,1,2,4,2,0,0,3,1,1,3,2,2,0,0,0,0,0,2,0,0,3,1
237,0,1,5,1,0,0,0,1,4,2,1,4,2,3,2,4,2,0,0,1,3,3,3,2,2,0,0,0,0,0,2,0,1,3,3
238,0,1,2,0,2,0,2,1,3,1,1,4,2,1,2,4,2,0,0,3,0,1,3,0,2,0,0,0,0,0,2,0,1,3,3
239,0,1,4,1,0,6,3,0,3,0,1,3,2,3,2,4,2,0,0,3,1,1,3,0,2,0,0,6,0,0,2,0,0,3,2
240,0,1,1,0,2,0,0,1,3,2,1,4,2,1,2,4,2,0,0,1,1,1,3,0,2,0,0,0,0,2,2,2,1,9,3
241,0,1,5,1,0,4,0,0,4,1,1,4,2,3,2,4,2,0,0,3,3,3,0,2,2,0,0,2,0,0,2,0,1,3,3
242,0,1,2,1,0,5,0,2,3,0,1,4,2,4,2,4,2,0,0,3,0,1,3,0,2,0,0,0,0,2,2,0,1,3,3
243,0,1,2,2,3,3,3,0,3,2,1,4,2,3,2,4,2,0,0,4,0,1,3,0,2,0,0,2,0,0,2,0,1,1,2
244,0,1,2,0,2,0,0,1,3,2,1,3,2,1,2,4,2,0,0,3,0,0,3,0,2,0,0,0,0,2,2,0,0,3,3
245,0,1,2,0,0,6,3,0,3,2,1,4,2,3,2,4,2,0,0,3,3,3,3,2,2,0,0,0,0,0,2,0,0,3,3
246,0,1,0,2,0,5,1,2,0,1,1,1,2,1,2,3,2,0,0,3,1,0,3,2,2,0,0,1,0,0,2,0,1,3,3
247,0,1,0,2,2,5,1,2,0,1,0,1,2,1,2,3,2,0,0,1,1,1,3,2,2,0,0,1,0,0,2,0,1,1,3
248,0,1,1,2,2,5,1,2,0,1,0,3,2,1,2,3,2,0,0,3,1,0,0,2,2,0,0,1,0,0,2,0,1,3,3
249,0,1,4,2,1,5,1,2,3,1,0,3,2,1,2,3,2,0,0,1,1,1,0,2,2,0,0,1,0,0,2,0,1,1,3
250,0,1,1,2,0,5,1,2,3,1,1,3,2,1,2,3,2,0,0,1,1,1,3,2,2,0,0,1,0,0,2,0,1,3,3
251,0,1,1,2,2,5,1,2,0,1,0,3,2,1,2,3,2,0,0,1,1,1,0,2,2,0,0,1,0,0,2,0,1,3,3
252,0,1,1,2,2,5,1,2,0,1,0,3,2,1,2,3,2,0,0,1,0,0,3,2,2,0,0,1,0,0,2,0,1,3,3
253,0,1,1,2,1,5,1,2,0,1,0,3,2,1,2,3,2,2,0,3,1,0,0,0,2,0,0,1,0,0,2,0,1,3,3
254,0,1,1,2,1,5,1,2,0,1,0,3,2,1,2,3,2,0,0,1,0,0,3,2,2,0,0,1,0,0,2,0,1,3,3
255,0,1,1,2,1,5,1,2,0,1,0,3,2,1,2,3,2,0,0,3,1,0,3,2,2,0,0,1,0,0,2,0,1,3,3
256,0,1,1,2,1,5,1,2,0,1,0,3,2,1,2,3,2,0,0,1,1,0,3,2,2,0,0,1,0,0,2,0,1,3,3
257,0,1,1,2,2,5,1,2,0,1,0,3,2,1,2,3,2,0,0,3,1,1,3,2,2,0,0,1,0,0,2,0,1,3,3
258,0,1,1,2,1,5,1,2,0,1,0,3,2,1,2,3,2,0,0,3,3,3,0,2,2,0,0,1,0,0,2,0,1,3,3
259,0,1,0,0,2,0,3,4,2,2,0,3,2,1,2,4,2,0,0,1,1,1,3,0,2,0,0,0,0,2,2,0,0,3,1
260,0,1,0,0,1,2,0,4,2,2,0,4,2,1,2,4,2,0,0,1,1,1,3,0,2,0,0,1,0,2,2,0,0,3,1
261,0,1,0,0,1,0,0,4,2,2,0,4,2,1,2,4,2,0,0,1,1,1,3,0,2,0,0,1,0,0,2,0,0,3,1
262,0,1,1,0,4,0,3,4,2,0,0,4,2,1,2,4,2,0,0,1,1,1,3,0,2,0,0,0,0,2,2,0,0,3,1
263,0,1,1,2,0,2,3,4,2,2,0,4,2,1,2,4,2,0,0,1,1,1,3,0,2,0,0,5,0,0,2,0,0,1,1
264,0,1,0,0,3,0,3,4,2,2,0,4,2,1,2,4,2,0,0,1,1,1,4,0,2,0,0,5,0,0,2,0,0,3,1
265,0,1,0,0,1,0,3,4,2,2,1,1,2,1,2,4,2,0,0,1,1,1,3,0,2,0,0,6,0,0,2,0,0,3,1
266,0,1,2,0,0,0,3,4,2,2,1,4,2,1,2,1,2,0,0,1,1,1,3,0,2,0,0,0,0,0,2,0,0,3,1
267,0,1,0,0,0,0,3,4,2,2,0,4,2,1,2,4,2,0,0,1,1,1,3,0,2,0,0,1,0,0,2,0,0,3,1
268,0,1,1,0,2,2,2,4,2,0,0,4,2,1,2,4,2,0,0,1,0,1,3,0,2,0,0,1,0,0,2,0,0,3,1
269,0,1,0,0,4,2,2,4,2,0,0,4,2,1,2,4,2,0,0,1,0,1,0,0,2,0,0,0,0,2,2,0,0,3,3
270,0,1,0,0,0,0,3,4,2,2,0,4,2,1,2,4,2,0,0,1,1,1,3,0,2,0,0,5,0,0,2,0,0,3,1
271,0,1,2,0,0,6,3,1,2,1,0,4,2,4,2,4,2,0,0,3,3,0,3,2,2,0,0,0,0,3,2,0,0,3,0
272,0,1,1,0,4,2,3,3,4,0,0,3,2,1,2,4,2,0,0,3,1,1,3,2,2,0,0,0,0,0,2,0,0,3,1
273,0,1,5,0,0,0,3,0,2,0,1,3,2,3,2,4,2,0,0,3,1,3,3,2,2,0,0,6,0,0,2,0,0,3,1
274,0,1,2,0,0,0,3,1,2,1,1,3,2,1,2,4,2,0,0,3,3,1,3,2,2,0,0,0,0,0,2,0,0,3,1
275,0,1,3,0,4,6,3,3,2,0,0,3,2,3,2,4,2,0,0,3,1,1,3,2,2,0,0,0,0,0,2,0,0,3,1
276,0,1,5,0,3,0,3,3,3,0,0,3,2,3,2,4,2,0,0,3,3,3,0,2,2,0,0,0,0,0,2,0,0,3,1
277,0,1,3,0,3,0,3,3,3,0,0,3,2,1,2,4,2,0,0,3,3,1,3,2,2,0,0,1,0,3,2,0,0,3,1
278,0,1,3,0,0,0,3,3,4,0,1,3,2,1,2,4,2,0,0,3,1,1,3,2,2,0,0,0,0,2,2,0,0,5,1
279,1,1,2,0,0,4,3,3,2,0,1,1,2,1,2,4,2,0,0,3,1,1,3,2,2,0,0,0,0,0,2,0,0,3,0
280,0,1,2,0,2,3,3,1,3,0,1,3,2,1,2,4,2,0,0,3,3,1,3,2,2,0,0,0,0,2,2,0,0,3,1
281,0,1,3,0,0,3,3,3,4,0,1,3,2,1,2,4,2,0,0,3,3,1,3,2,2,0,0,1,0,0,2,0,0,3,1
282,0,1,2,0,0,0,3,3,4,0,0,3,2,1,2,4,2,0,0,1,3,3,0,2,2,0,0,0,0,0,2,0,0,3,1
283,0,1,1,0,0,3,3,1,4,0,0,3,2,1,2,4,2,0,0,1,3,3,0,2,2,0,0,1,0,3,2,2,0,3,1
284,0,1,1,0,2,3,3,3,4,0,0,3,2,1,2,4,2,0,0,1,1,1,0,2,2,0,0,1,0,0,2,0,0,3,1
285,0,1,2,1,0,5,0,1,0,1,1,3,2,3,2,4,2,0,0,1,1,3,0,2,2,0,0,3,0,2,2,0,1,3,2
286,0,1,1,1,2,0,2,1,3,0,1,3,2,1,2,4,2,0,0,3,1,1,3,0,2,0,0,0,0,2,2,0,0,0,3
287,0,1,1,1,0,6,3,1,0,0,1,4,2,1,2,4,2,0,0,3,1,1,3,0,2,0,0,3,0,2,2,0,1,2,3
288,0,1,4,2,0,0,0,2,4,0,1,3,2,1,2,4,2,0,0,3,0,0,3,0,2,0,0,0,0,2,2,0,1,1,2
289,0,2,1,1,2,1,0,1,3,0,1,4,2,3,2,4,2,0,0,1,0,1,3,0,0,0,0,6,0,2,2,0,2,9,3
290,0,1,1,0,0,4,3,1,3,0,1,4,2,1,2,4,2,0,0,3,0,1,3,0,2,0,0,0,0,0,2,0,1,3,3
291,0,1,1,1,0,5,0,3,3,2,1,4,2,1,2,4,2,0,0,1,1,3,3,2,2,0,0,2,0,2,2,0,1,9,4
292,0,1,2,1,0,0,3,1,1,2,1,4,2,1,2,4,2,0,0,3,0,1,3,0,2,0,0,0,0,2,2,0,0,6,2
293,1,1,1,2,2,5,1,2,0,1,0,3,2,1,2,3,2,0,0,3,1,0,0,2,2,0,0,1,0,0,2,0,0,3,3
294,0,1,1,2,1,5,1,2,0,1,0,3,2,1,2,3,2,0,0,1,0,0,0,2,2,0,0,1,0,0,2,0,0,3,3
295,0,1,1,2,1,5,1,2,0,1,0,3,2,1,2,3,2,0,0,1,1,1,0,2,2,0,0,1,0,0,2,0,1,3,3
296,0,1,1,2,1,5,1,2,0,1,0,1,2,3,2,3,2,0,0,1,3,3,0,2,2,0,0,1,0,0,2,0,0,3,3
297,0,1,1,2,1,5,1,2,0,1,0,3,2,1,2,3,2,0,0,1,1,1,3,2,2,0,0,1,0,0,2,0,0,3,3
298,0,1,0,0,1,2,3,4,2,2,0,4,2,1,2,4,2,0,0,1,1,1,3,0,2,0,0,6,0,0,2,0,0,3,1
299,0,1,0,0,2,2,3,4,2,2,0,4,2,1,2,4,2,0,0,1,0,1,3,0,2,0,0,0,0,0,2,0,0,3,1
300,0,1,4,2,2,2,3,4,2,0,0,4,2,1,2,4,2,0,0,1,1,1,3,0,2,0,0,6,0,0,2,0,0,3,1
301,0,1,0,0,3,2,2,4,2,0,0,4,2,1,2,4,2,0,0,1,1,1,3,0,2,0,0,5,0,0,2,0,0,3,1
302,0,1,1,0,4,2,3,4,2,1,0,4,2,1,2,4,2,0,0,1,1,1,0,0,2,0,0,6,0,0,2,0,0,3,1
303,0,1,0,0,0,2,3,4,2,0,0,4,2,1,2,4,2,0,0,1,1,1,3,0,2,0,0,0,0,0,2,0,0,3,1
304,0,1,0,0,1,0,2,4,2,2,0,4,2,0,2,4,2,0,0,1,0,1,3,0,2,0,0,0,0,3,2,0,1,3,1
305,0,1,1,0,1,2,2,4,2,2,0,4,2,1,2,4,2,0,0,1,0,1,3,0,2,0,0,5,0,0,2,0,0,3,1
306,0,1,0,0,3,0,2,4,2,2,0,4,2,1,2,4,2,0,0,1,1,1,3,0,2,0,0,1,0,0,2,0,0,3,1
307,0,1,0,0,2,0,3,4,2,2,0,4,2,1,2,4,2,0,0,1,1,1,3,0,2,0,0,0,0,0,2,0,0,3,1
308,0,1,0,0,3,0,2,4,2,2,0,4,2,1,2,4,2,0,0,1,0,0,3,2,2,0,0,5,0,0,2,0,0,3,1
309,0,1,0,2,3,2,2,4,2,0,0,4,2,1,2,4,2,0,0,1,0,1,3,0,2,0,0,5,0,0,2,0,1,3,1
310,0,1,0,0,1,0,2,4,2,0,0,4,2,1,2,4,2,0,0,1,0,0,3,0,2,0,0,1,0,0,2,0,1,3,2
311,0,1,1,0,0,0,2,4,2,2,0,4,2,1,2,4,2,0,0,1,0,0,3,0,2,0,0,5,0,0,2,0,0,3,1
312,0,1,0,2,3,0,2,4,2,2,0,4,2,1,2,4,2,0,0,1,0,0,3,0,2,0,0,0,0,0,2,0,0,3,2
313,0,1,1,2,0,5,1,2,0,1,1,3,2,1,2,3,2,0,0,1,1,0,3,2,2,0,0,1,0,0,2,0,1,3,3
314,0,1,0,2,0,5,1,2,0,1,1,1,2,1,2,2,2,0,0,1,0,0,3,2,2,0,0,1,0,0,2,0,1,1,3
315,0,1,1,2,2,5,1,2,0,1,0,1,2,1,2,3,2,0,0,1,1,0,0,2,2,0,0,1,0,0,2,0,1,3,3
316,0,1,4,2,2,5,1,2,0,1,0,3,2,3,2,3,2,0,0,1,3,3,0,2,2,0,0,1,0,3,2,0,1,1,3
317,0,1,1,2,0,5,1,2,0,1,0,1,2,1,2,3,2,0,0,1,1,0,0,2,2,0,0,1,0,3,2,0,1,3,3
318,0,1,1,2,2,5,1,2,0,1,0,3,2,1,2,3,2,0,0,1,0,0,3,2,2,0,0,1,0,3,2,0,1,3,3
319,0,1,5,0,2,0,3,1,4,2,1,4,2,3,2,4,2,0,0,3,0,1,3,0,2,0,0,0,0,0,2,0,1,3,3
320,0,1,2,1,0,1,0,1,3,2,1,3,2,3,2,4,2,0,0,3,1,1,3,0,2,0,0,2,0,2,2,0,1,3,4
321,0,1,1,0,2,0,0,3,2,1,1,4,0,1,2,4,2,0,0,3,1,0,0,0,2,0,0,0,0,2,2,0,1,7,3
322,0,1,3,1,0,3,2,3,3,0,1,1,2,1,2,4,2,0,0,1,0,1,3,0,2,0,0,2,0,2,2,0,1,6,3
323,3,1,1,1,0,0,2,3,4,0,1,4,2,3,2,4,2,0,0,1,1,1,3,0,2,0,0,0,0,2,2,0,2,3,3
324,0,1,2,1,0,3,2,1,3,0,1,4,2,1,2,4,2,0,0,3,0,1,3,0,2,0,0,0,0,2,2,0,2,9,3
325,0,1,1,1,3,3,0,1,3,1,1,3,2,3,2,4,2,0,0,3,1,1,3,0,2,0,0,0,0,2,2,0,2,9,3
326,0,1,1,1,0,3,3,3,3,2,1,4,2,3,2,3,2,0,0,3,1,0,3,0,2,0,0,0,0,2,2,0,2,9,3
327,0,1,4,2,0,0,2,1,3,2,1,4,2,3,2,4,2,0,0,3,1,1,3,0,2,0,0,2,0,2,2,0,1,1,2
328,0,1,5,0,0,5,0,1,3,0,1,4,2,3,2,4,2,0,0,1,1,3,3,2,2,0,0,0,0,2,2,0,1,3,3
329,0,1,2,0,0,3,3,3,3,0,1,3,2,3,2,4,2,0,0,1,1,1,3,0,2,0,0,0,0,2,2,0,2,3,2
330,0,1,2,2,0,1,0,3,3,2,1,3,2,1,2,3,2,0,0,1,0,0,3,0,2,0,0,6,0,2,2,0,2,1,2
331,0,1,1,1,0,3,3,1,4,0,1,4,2,3,2,4,2,0,0,3,1,1,3,0,2,0,0,0,0,2,2,0,1,3,3
332,0,1,2,0,0,3,2,3,1,0,1,4,2,1,2,4,2,0,0,1,0,1,3,0,0,0,0,0,0,3,2,0,2,3,3
333,0,1,1,0,0,3,0,1,4,2,1,3,2,3,2,4,2,0,0,1,1,1,3,0,2,0,0,0,0,2,2,0,0,9,3
334,0,2,1,0,0,0,2,1,3,0,1,3,2,1,2,4,2,0,0,1,1,1,3,0,0,0,0,3,0,2,2,0,2,9,3
335,0,1,0,0,2,0,3,3,3,2,1,3,2,1,2,4,2,0,0,1,1,1,3,0,0,0,0,2,0,2,2,0,2,3,3
336,0,1,1,2,1,5,1,2,0,1,0,3,2,1,2,3,2,0,0,1,1,1,0,2,2,0,0,1,0,0,2,0,0,3,0
337,0,1,1,2,1,5,1,2,0,1,0,3,2,1,2,0,2,0,0,1,1,0,3,2,2,0,0,1,0,0,2,0,1,3,3
338,0,1,1,2,1,5,1,0,0,1,0,3,2,3,2,3,2,0,0,1,3,1,3,2,2,0,0,1,0,0,2,0,1,1,3
339,0,1,1,2,1,5,1,2,0,1,0,1,2,1,2,3,2,0,0,1,1,0,3,2,2,0,0,1,0,0,2,0,1,1,3
340,0,1,1,2,2,5,1,2,0,1,0,3,2,1,2,3,2,0,0,1,1,0,3,2,2,0,0,1,0,0,2,0,1,3,3
341,0,1,1,2,1,5,1,2,0,1,0,1,2,1,2,3,2,0,0,1,1,0,0,2,2,0,0,1,0,0,2,0,0,1,3
342,0,1,1,2,1,5,1,2,0,1,0,1,2,3,2,3,2,0,0,3,3,3,0,2,2,0,0,1,0,0,2,0,1,1,3
343,0,1,1,2,1,5,1,2,0,1,0,3,2,1,2,3,2,0,0,1,0,0,3,2,2,0,0,1,0,0,2,0,1,1,3
344,0,1,1,2,1,5,1,2,0,1,0,3,2,1,2,3,2,0,0,1,1,0,3,2,2,0,0,1,0,0,2,0,1,3,3
345,0,1,1,2,1,5,1,2,0,1,0,3,2,1,2,3,2,0,0,1,0,1,3,2,2,0,0,1,0,0,2,0,1,3,3
346,0,1,1,2,3,5,1,2,0,1,0,3,2,1,2,3,2,0,0,1,1,0,3,2,2,0,0,1,0,0,2,0,1,3,3
347,0,1,1,2,2,5,1,2,0,1,0,3,2,1,2,3,2,0,0,3,0,1,3,2,2,0,0,1,0,0,2,0,1,3,3
348,0,1,1,2,2,5,1,2,0,1,0,3,2,1,2,3,2,0,0,1,0,0,3,2,2,0,0,1,0,0,2,0,1,3,3
349,0,1,1,2,0,5,1,2,0,1,0,3,2,1,2,3,2,0,0,1,0,0,0,2,2,0,0,1,0,0,2,0,0,1,3
350,0,1,1,2,2,5,1,2,0,1,0,3,2,1,2,3,2,0,0,1,0,0,3,2,2,0,0,1,0,0,2,0,1,3,3
351,0,1,1,2,2,5,1,2,0,1,0,3,2,1,2,3,2,0,0,1,0,0,0,2,2,0,0,1,0,0,2,0,1,3,3
352,0,1,1,2,1,5,1,2,0,1,0,3,2,1,2,3,2,0,0,1,0,1,0,2,2,0,0,1,0,0,2,0,1,3,3
353,0,1,2,0,4,4,0,0,3,0,0,3,2,1,2,4,2,0,0,1,3,3,0,2,2,0,0,1,0,0,2,0,0,3,1
354,0,1,5,0,1,3,0,1,4,2,0,3,2,1,2,4,2,0,0,4,3,1,3,2,2,0,0,0,0,0,2,0,0,3,1
355,0,1,3,0,0,0,3,3,4,0,0,3,2,1,2,4,2,0,0,3,1,1,3,2,2,0,0,0,0,0,2,0,0,3,1
356,0,1,3,0,0,3,0,3,4,0,0,3,2,1,2,4,2,0,0,3,3,1,3,2,2,0,0,0,0,0,2,0,0,3,1
357,0,1,1,0,0,0,0,3,4,0,0,3,2,3,2,4,2,0,0,1,3,3,0,2,2,0,0,1,0,3,2,0,1,3,1
358,0,1,3,0,1,0,0,1,4,2,0,3,2,1,2,4,2,0,0,3,1,1,3,2,2,0,0,0,0,0,2,0,0,3,1
359,0,1,2,0,0,3,0,0,3,0,0,3,2,3,2,4,2,0,0,1,3,3,0,2,2,0,0,1,0,0,2,0,0,3,1
360,0,1,5,0,2,3,0,1,3,0,0,3,2,1,2,4,2,0,0,1,1,1,0,2,2,0,0,1,0,0,2,0,0,3,1
361,0,1,1,0,3,4,0,1,2,1,0,3,2,1,2,4,2,0,0,1,3,3,0,2,2,0,0,1,0,3,2,0,0,3,1
362,0,1,1,0,0,2,0,4,2,2,0,3,2,1,2,4,2,0,0,1,0,1,3,0,2,0,0,5,0,0,2,2,0,3,1
363,0,1,0,0,1,2,0,4,2,2,0,3,2,1,2,4,2,0,0,1,1,1,3,0,2,0,0,1,0,0,2,0,0,3,1
364,0,1,0,0,0,0,0,4,2,0,0,3,2,0,2,4,2,0,0,1,1,1,2,0,2,0,0,6,0,0,2,0,0,3,1
365,3,1,3,0,0,3,0,0,3,0,0,3,2,3,2,4,2,0,0,3,1,1,3,2,2,0,0,0,0,0,0,1,0,3,1
366,0,1,3,0,1,0,0,4,2,2,0,3,2,0,2,4,2,0,0,1,0,1,3,0,2,0,0,1,0,0,2,0,0,3,2
367,0,1,3,0,1,2,0,4,2,2,0,3,2,0,2,4,2,0,0,1,0,0,3,0,2,0,0,5,0,0,2,0,0,3,1
368,0,1,0,0,0,0,0,4,2,0,0,4,2,1,2,4,2,0,0,1,0,0,3,0,2,0,0,5,0,0,2,0,0,3,1
369,0,1,0,0,1,0,0,4,2,2,0,4,2,1,2,4,2,0,0,1,0,1,3,0,2,0,0,1,0,0,2,0,0,3,1
370,0,1,1,0,3,4,0,0,3,0,0,3,2,3,2,4,2,0,0,1,1,1,0,2,2,0,0,1,0,0,2,0,0,5,1
371,0,1,0,0,1,6,0,4,2,0,0,4,2,1,2,4,2,0,0,1,0,1,0,2,2,0,0,1,0,0,2,0,0,3,1
372,0,1,0,0,3,2,0,4,2,2,0,4,2,1,2,4,2,0,0,1,0,1,3,0,2,0,0,0,0,0,2,0,0,3,1
373,0,1,0,0,3,2,0,4,2,2,0,3,2,1,2,4,2,0,0,1,0,0,3,0,2,0,0,1,0,0,2,0,0,3,2
374,0,1,0,0,2,0,0,4,2,2,0,3,2,1,2,4,2,0,0,1,0,1,0,0,2,0,0,1,0,0,2,0,0,3,1
375,0,1,0,0,0,2,0,4,2,2,0,3,2,1,2,4,2,0,0,1,0,1,3,0,2,0,0,5,0,3,2,0,1,3,1
376,0,1,0,0,2,2,2,4,2,0,0,3,2,1,2,4,2,0,0,1,0,1,3,0,2,0,0,1,0,2,2,0,1,3,1
377,0,1,3,0,2,2,2,4,2,2,0,3,2,1,2,4,2,0,0,1,1,1,3,0,2,0,0,1,0,2,2,0,0,3,1
378,0,1,3,0,0,3,0,3,4,2,0,3,2,1,2,4,2,0,0,3,1,1,3,2,2,0,0,0,0,0,2,0,0,3,1
379,0,1,0,0,2,0,2,4,2,2,0,3,2,1,2,4,2,0,0,1,0,0,3,0,2,0,0,1,0,0,2,0,0,3,1
380,0,1,0,0,0,0,0,4,2,0,0,3,2,1,2,4,2,0,0,1,0,1,3,0,2,0,0,1,0,0,2,0,0,3,1
381,0,1,0,0,0,2,2,4,2,2,0,3,2,1,2,4,2,0,0,1,0,0,3,0,2,0,0,1,0,0,2,0,0,3,1
382,0,1,0,0,0,0,0,4,2,0,0,3,2,1,2,4,2,0,0,1,0,1,3,0,2,0,0,0,0,2,2,0,0,3,1
383,0,1,0,2,2,5,1,2,0,1,0,3,2,1,2,3,2,0,0,1,0,0,3,2,2,0,0,1,0,0,2,0,1,3,3
384,0,1,1,2,2,5,1,2,0,1,0,3,2,1,2,3,2,0,0,1,1,1,0,2,2,0,0,1,0,0,2,0,1,3,3
385,0,1,2,2,1,0,1,2,0,1,0,3,2,1,2,3,2,0,0,3,1,0,0,2,2,0,0,1,0,0,2,0,1,1,3
386,0,1,1,2,1,5,1,2,0,1,0,3,2,1,2,3,2,0,0,1,1,1,3,2,2,0,0,1,0,0,2,0,1,3,3
387,0,1,1,2,2,5,1,2,0,1,0,3,2,1,2,3,2,0,0,1,0,0,0,2,2,0,0,1,0,0,2,0,0,3,3
388,0,1,1,2,2,0,1,2,0,1,0,3,2,1,2,3,2,0,0,1,0,1,0,2,2,0,0,1,0,0,2,0,1,1,3
389,0,1,1,2,2,0,1,2,0,1,0,3,2,1,2,3,2,0,0,1,0,0,0,2,2,0,0,1,0,0,2,0,0,3,3
390,0,1,1,2,2,0,1,2,0,1,0,3,2,1,2,3,2,0,0,1,1,1,3,2,2,0,0,1,0,0,2,0,0,3,3
391,0,1,1,2,3,5,1,2,0,1,0,1,2,1,2,3,2,0,0,1,1,0,0,2,2,0,0,1,0,0,2,0,1,3,3
392,0,1,4,2,0,0,1,2,0,1,0,3,2,1,2,3,2,0,0,1,0,0,3,2,2,0,0,1,0,3,2,0,1,3,3
393,0,1,1,2,1,0,1,2,0,1,0,3,2,1,2,3,2,0,0,1,3,3,0,2,2,0,0,1,0,0,2,0,1,3,3
394,0,1,1,2,2,5,1,2,0,1,0,3,2,1,2,3,2,0,0,1,1,1,0,2,2,0,0,1,0,0,2,0,1,3,3
395,0,1,1,2,1,0,1,2,0,1,0,3,2,1,2,3,2,0,0,1,1,1,0,2,2,0,0,1,0,0,2,0,1,3,3
396,0,1,1,2,2,2,1,2,0,1,0,3,2,1,2,3,2,0,0,3,1,0,3,2,2,0,0,1,0,0,2,0,0,3,3
397,0,1,1,2,2,0,1,2,0,1,0,3,2,1,2,3,0,0,0,1,1,1,3,2,2,0,0,1,0,0,2,0,1,1,3
398,0,1,1,2,1,5,1,2,0,1,0,1,2,1,2,3,2,0,0,1,1,1,0,2,2,0,0,1,0,0,2,0,0,3,3
399,0,1,1,2,1,5,1,2,0,1,0,3,2,1,2,3,2,0,0,1,1,1,3,2,2,0,0,1,0,0,2,0,1,3,3
400,0,1,2,2,0,3,3,1,4,2,1,4,2,3,2,4,2,0,0,1,0,1,3,0,2,0,0,0,0,2,2,0,2,1,2
401,0,1,5,1,0,6,3,3,3,0,1,3,2,3,2,4,2,0,0,3,1,1,3,0,2,0,0,0,0,0,2,0,1,3,3
402,3,1,1,1,0,0,2,3,4,2,1,4,2,3,2,3,2,0,0,1,1,1,3,0,2,0,0,6,0,2,2,0,1,8,3
403,0,1,1,1,3,3,1,1,3,0,1,4,2,3,2,4,2,0,0,3,1,0,3,0,2,0,0,0,0,0,2,0,0,9,4
404,0,1,0,1,0,2,3,1,3,2,1,3,2,1,2,4,2,0,0,1,1,1,3,0,2,0,0,0,0,0,2,0,1,3,2
405,3,1,1,1,0,3,2,1,3,2,1,4,2,1,2,4,2,0,0,3,0,1,3,0,2,0,0,2,0,0,2,0,2,9,3
406,0,1,1,1,3,0,2,3,3,1,1,4,2,1,2,4,2,0,0,3,1,1,3,0,0,0,0,0,0,0,2,0,2,3,3
407,0,1,1,1,0,6,2,1,0,1,1,3,2,3,2,4,2,0,0,1,1,1,3,0,2,0,0,0,0,2,2,0,1,9,4
408,0,1,0,1,2,1,0,4,4,2,1,3,2,1,2,4,2,0,0,1,1,1,3,0,2,0,0,0,0,0,2,0,0,3,3
409,0,1,1,0,3,3,3,3,3,2,1,3,2,1,2,4,2,0,0,3,1,1,3,0,2,0,0,2,0,0,2,0,0,3,3
410,0,1,1,1,0,3,3,3,4,2,1,3,2,1,2,4,2,0,0,3,1,1,3,0,2,0,0,2,0,0,2,0,2,9,3
411,0,1,2,0,2,2,3,3,3,0,1,3,2,4,2,4,2,0,0,3,1,0,3,0,2,0,0,0,0,0,2,0,2,3,1
412,0,1,2,1,0,0,0,3,0,1,1,3,2,1,2,3,2,0,0,1,1,3,0,2,2,0,0,0,0,3,2,0,2,3,3
413,0,1,1,0,2,2,3,1,4,1,1,4,2,3,2,3,2,0,0,3,1,1,3,0,2,0,0,0,0,0,2,0,1,9,3
414,0,1,0,0,3,2,3,1,3,0,1,3,2,3,2,3,2,0,0,3,1,1,3,0,2,0,0,0,0,2,0,1,2,3,3
415,0,1,3,1,0,0,3,3,4,2,1,3,2,1,2,4,2,0,0,3,1,1,3,0,2,0,0,0,0,0,2,0,1,3,3
416,0,1,1,0,0,0,0,0,0,1,1,4,2,3,2,4,2,0,0,3,1,0,3,0,2,0,0,0,0,0,2,0,2,3,3
417,0,1,4,0,0,6,0,3,4,2,1,4,2,1,2,4,2,0,0,3,1,1,3,0,2,0,0,2,0,2,2,0,0,3,3
418,0,1,2,0,2,4,3,0,3,0,0,3,2,3,2,4,2,0,0,3,1,1,3,2,2,0,0,0,0,0,2,0,0,3,1
419,0,1,1,0,0,3,3,1,3,0,0,3,2,1,2,4,2,0,0,1,1,1,0,2,2,0,0,0,0,3,2,0,0,3,1
420,0,1,2,0,3,4,0,1,1,0,0,3,2,3,2,4,2,0,0,1,3,3,0,2,2,0,0,0,0,0,2,0,0,3,1
421,0,1,1,0,1,4,3,3,4,0,0,3,2,3,2,4,2,0,0,3,1,1,3,2,2,0,0,0,0,0,0,1,0,3,1
422,0,1,2,0,1,0,3,3,4,0,0,3,2,3,2,4,2,0,0,3,3,1,0,2,2,0,0,0,0,0,2,0,0,3,1
423,0,1,1,0,1,3,3,1,3,0,0,3,2,3,2,4,2,0,0,3,3,3,3,2,2,0,0,0,0,2,2,0,0,3,1
424,0,1,2,0,1,0,0,3,4,2,0,3,2,1,2,4,2,0,0,1,1,1,0,2,2,0,0,3,0,2,2,0,0,3,1
425,0,1,1,0,0,4,0,3,3,0,0,3,2,3,2,4,2,0,0,1,3,1,0,2,2,0,0,1,0,3,2,0,0,3,1
426,0,1,1,0,1,4,3,1,4,0,0,3,2,3,2,4,2,0,0,3,1,1,3,2,2,0,0,1,0,0,2,0,0,3,1
427,0,1,3,0,0,4,3,3,4,0,0,3,2,1,2,4,2,0,0,3,3,1,3,2,2,0,0,0,0,0,2,0,0,3,1
428,0,1,5,0,0,6,3,3,3,0,0,3,2,1,2,4,2,0,0,1,3,3,0,2,2,0,0,1,0,3,2,0,0,3,1
429,0,1,5,0,1,0,3,1,4,0,0,3,2,3,2,4,2,0,0,1,1,1,3,2,2,0,0,0,0,0,2,0,0,3,1
430,0,1,3,0,0,6,3,3,4,0,0,3,2,3,2,4,2,0,0,3,3,1,3,2,2,0,0,0,0,3,0,1,0,3,1
431,0,1,2,0,4,3,0,3,4,0,0,3,2,3,2,4,2,0,0,3,3,1,3,2,2,0,0,0,0,3,2,0,0,3,1
432,0,1,2,0,0,0,3,3,4,0,0,1,2,3,2,3,2,0,0,3,3,1,3,2,2,0,0,1,0,0,2,0,0,3,1
433,0,1,0,0,1,2,2,4,2,2,0,3,2,1,2,4,2,0,0,1,1,1,3,0,2,0,0,1,0,0,2,0,0,3,1
434,0,1,1,0,0,2,2,4,2,2,0,3,2,0,2,4,2,0,0,1,0,1,3,0,2,0,0,5,0,0,2,0,0,3,2
435,0,1,3,0,2,2,2,4,2,2,0,4,2,3,2,4,2,0,0,1,0,1,3,0,2,0,0,1,0,0,2,0,0,3,2
436,0,1,0,0,1,0,0,4,2,2,0,3,2,1,2,4,2,0,0,0,0,0,3,0,2,0,0,1,0,0,2,0,0,3,1
437,0,1,0,0,1,2,2,4,2,2,0,3,2,1,2,4,2,0,0,1,0,1,3,0,2,0,0,1,0,0,2,0,0,3,1
438,0,1,0,2,0,2,0,4,2,0,0,3,2,1,2,4,2,0,0,1,0,1,3,0,2,0,0,1,0,0,2,0,0,3,1
439,0,1,0,0,3,0,2,4,2,2,0,3,2,1,2,4,2,0,0,1,0,0,3,0,2,0,0,0,0,0,2,0,0,3,1
440,0,1,0,0,3,2,0,4,2,0,0,3,2,1,2,4,2,0,0,1,1,1,3,0,2,0,0,1,0,0,2,0,1,3,1
441,0,1,0,0,2,0,2,4,2,2,0,3,2,1,2,4,2,0,0,1,0,1,3,0,2,0,0,5,0,2,2,0,0,3,2
442,0,1,0,0,1,0,2,4,2,2,0,3,2,1,2,4,2,0,0,1,0,1,3,0,2,0,0,1,0,0,2,0,0,3,1
443,0,1,0,0,3,2,2,4,2,2,0,3,2,1,2,4,2,0,0,1,0,1,3,0,2,0,0,0,0,0,2,0,0,3,1
444,0,1,1,0,4,2,0,4,2,0,0,3,2,1,2,4,2,0,0,1,1,1,0,0,2,0,0,1,0,2,2,0,0,3,2
445,0,1,1,0,3,2,0,4,2,0,0,3,2,1,2,4,2,0,0,1,0,1,0,0,2,0,0,1,0,2,2,0,0,3,1
446,0,1,0,0,0,2,2,4,2,2,0,3,2,1,2,4,2,0,0,1,0,1,3,0,2,0,0,0,0,0,2,0,0,3,1
447,0,1,4,2,3,5,1,2,0,1,1,3,2,1,2,3,2,0,0,1,0,0,3,2,2,0,0,1,0,0,2,0,1,3,3
448,0,1,2,2,0,5,1,2,0,1,1,3,2,1,2,3,2,0,0,1,0,0,3,2,2,0,0,1,0,0,2,0,1,3,3
449,0,1,4,2,0,5,1,2,0,1,1,1,2,1,2,3,2,0,0,1,0,0,3,2,2,0,0,1,0,0,2,0,1,3,3
450,0,1,0,2,0,5,3,2,1,1,1,1,2,1,2,3,2,0,0,1,0,0,4,2,2,0,0,1,0,3,2,0,1,3,3
451,0,1,1,2,1,0,1,2,0,1,0,1,2,1,2,3,2,0,0,1,1,0,3,2,2,0,0,1,0,3,2,0,1,3,3
452,0,1,0,2,3,0,1,2,0,1,1,1,2,1,2,3,2,0,0,1,0,0,3,2,2,0,0,1,0,0,2,0,1,1,3
453,0,1,5,2,0,5,1,2,0,1,1,1,2,1,2,3,2,0,0,1,1,1,4,2,2,0,0,1,0,0,2,0,1,3,3
454,0,1,1,2,1,0,1,2,0,1,0,3,2,3,2,3,2,0,0,3,0,0,0,2,2,0,0,1,0,0,2,0,1,3,3
455,0,1,2,2,0,0,3,2,0,1,1,3,2,1,2,3,2,0,0,1,0,0,3,2,2,0,0,1,0,3,2,0,1,1,3
456,0,1,1,2,2,0,1,2,0,1,0,3,2,1,2,3,2,0,0,1,0,0,3,2,2,0,0,1,0,0,2,0,1,3,3
457,0,1,1,2,1,0,1,2,0,1,0,3,2,1,2,3,2,0,0,3,1,1,3,2,2,0,0,1,0,0,2,0,1,1,3
458,0,1,5,2,0,0,1,2,0,1,1,3,2,1,2,3,2,0,0,1,0,0,3,2,2,0,0,1,0,3,2,0,1,1,3
459,0,1,1,2,1,0,1,2,0,1,0,3,2,1,2,3,2,0,0,1,0,0,0,2,2,0,0,1,0,3,2,0,1,3,3
460,0,1,2,2,0,0,1,2,0,1,1,3,2,1,2,3,2,0,0,1,0,0,3,2,2,0,0,1,0,0,2,0,1,3,3
461,0,1,1,2,1,0,1,2,0,1,0,3,2,3,2,3,2,0,0,3,0,0,3,2,2,0,0,1,0,0,2,0,1,1,3
462,0,1,5,2,3,0,1,2,0,1,0,1,2,1,2,3,2,0,0,3,1,0,0,2,2,0,0,1,0,0,2,0,1,1,3
463,0,1,1,2,1,0,3,2,0,1,0,1,2,1,2,3,2,0,0,3,1,0,0,2,2,0,0,1,0,0,2,0,1,3,3
464,0,1,0,2,1,5,1,2,0,1,0,3,2,1,2,3,2,0,0,1,1,1,0,2,2,0,0,1,0,0,2,0,0,1,3
465,0,1,1,0,3,6,0,3,3,0,0,3,2,1,2,4,2,0,0,1,3,3,0,2,2,0,0,1,0,0,2,0,0,3,1
466,0,1,1,0,0,4,0,1,3,0,0,3,2,1,2,4,2,0,0,3,3,1,3,2,2,0,0,0,0,0,2,0,0,3,1
467,0,1,3,0,0,3,0,0,3,0,0,3,2,1,2,4,2,0,0,3,1,1,3,2,2,0,0,0,0,0,2,0,0,3,1
468,0,1,2,0,0,4,0,1,3,0,0,3,2,1,2,4,2,0,0,1,3,3,0,2,2,0,0,1,0,3,2,0,0,3,1
469,0,1,3,0,2,0,0,3,4,2,0,3,2,1,0,4,2,0,0,3,1,1,3,2,2,0,0,0,0,0,2,2,0,3,1
470,0,1,2,0,4,4,0,3,3,0,0,3,2,1,2,4,2,0,0,3,1,1,0,2,2,0,0,0,0,3,2,0,0,3,1
471,0,1,2,0,3,3,0,0,4,0,0,3,2,1,2,4,2,0,0,3,1,1,3,2,2,0,0,1,0,0,2,0,0,3,1
472,0,1,2,0,0,0,0,0,4,0,0,3,2,1,2,4,2,0,0,1,1,1,3,2,2,0,0,1,0,0,2,0,0,3,1
473,0,1,2,0,1,6,0,1,3,0,0,3,2,1,2,4,2,0,0,3,1,1,3,2,2,0,0,0,0,0,2,0,0,3,1
474,0,1,2,0,0,4,0,1,3,0,0,3,2,1,2,4,2,0,0,3,1,1,3,2,2,0,0,1,0,0,2,0,0,5,1
475,0,1,2,0,0,6,0,0,3,0,0,3,2,1,2,4,2,0,0,3,3,1,3,2,2,0,0,0,0,0,2,0,0,3,1
476,0,1,1,0,0,4,0,3,4,0,0,3,2,1,2,4,2,0,0,3,1,1,3,2,2,0,0,1,0,0,2,0,0,3,1
477,0,1,1,0,0,4,0,0,3,0,0,3,2,1,2,4,2,0,0,1,3,1,0,2,2,0,0,1,0,0,2,0,0,3,1
478,0,1,0,0,1,2,0,4,2,2,0,3,2,1,2,4,2,0,0,1,1,1,3,0,2,0,0,0,0,2,2,0,0,3,1
479,0,1,0,0,1,2,2,4,2,2,0,3,2,1,2,4,2,0,0,1,0,1,3,0,2,0,0,0,0,2,2,0,0,3,1
480,0,1,0,0,0,2,0,4,2,2,0,3,2,1,2,4,2,0,0,1,0,1,3,0,2,0,0,1,0,3,2,0,1,3,1
481,0,1,0,0,3,6,0,4,2,0,0,3,2,1,2,4,2,0,0,1,1,1,0,0,2,0,0,1,0,2,2,0,0,3,1
482,0,1,0,0,3,3,0,4,2,2,0,3,2,1,2,4,2,0,0,1,0,1,3,0,2,0,0,1,0,2,2,0,0,3,1
483,0,1,3,0,3,2,2,4,2,2,0,3,2,1,2,4,2,0,0,1,1,0,3,0,2,0,0,5,0,2,2,0,0,3,2
484,0,1,3,0,3,2,2,4,2,2,0,3,2,1,2,4,0,0,0,1,0,1,3,0,2,0,0,1,0,2,2,0,0,3,1
485,0,1,0,0,3,0,2,4,2,2,0,3,2,1,2,4,2,0,0,1,0,0,3,0,2,0,0,0,0,0,2,0,0,3,1
486,0,1,0,0,2,2,2,4,2,2,0,4,2,1,2,4,2,0,0,1,0,1,3,0,2,0,0,1,0,0,2,0,0,3,1
487,0,1,1,0,3,2,0,4,2,2,0,4,2,1,2,4,2,0,0,1,0,1,0,0,2,0,0,1,0,2,2,0,0,3,1
488,0,1,0,0,3,0,2,4,2,2,0,3,2,1,2,4,2,0,0,1,1,1,3,0,2,0,0,1,0,2,2,0,0,3,2
489,0,1,1,0,4,2,0,4,2,2,0,4,2,1,2,4,2,0,0,1,1,1,0,0,2,0,0,1,0,3,2,0,0,3,1
490,0,1,0,2,1,2,2,4,2,0,0,4,2,1,2,4,2,0,0,1,1,1,3,0,2,0,0,1,0,2,2,0,0,3,1
491,0,1,0,0,0,2,2,4,2,0,0,3,2,1,2,4,2,0,0,1,0,1,3,0,2,0,0,0,0,2,2,0,0,3,1
492,0,1,2,1,0,3,2,1,4,2,1,3,2,3,2,4,2,0,0,3,1,1,3,0,2,0,0,0,0,0,2,0,2,3,3
493,0,1,0,1,3,0,2,3,0,0,1,4,2,3,2,4,2,0,0,3,1,1,3,0,2,0,0,0,0,2,2,0,1,3,3
494,3,1,1,0,2,3,0,0,0,0,1,1,2,3,2,4,2,0,0,3,1,1,3,0,2,0,0,0,0,0,2,0,2,9,3
495,0,1,5,0,2,4,0,0,3,2,1,3,2,3,2,4,2,0,0,3,1,1,3,0,2,0,0,2,0,2,2,0,0,3,4
496,0,1,3,0,0,3,3,0,3,0,1,4,2,4,2,3,2,0,0,3,1,1,3,0,2,0,0,0,0,0,2,0,2,3,3
497,0,1,2,0,2,1,0,0,3,0,1,4,2,4,2,4,2,0,0,3,3,3,3,0,2,0,0,5,0,0,2,0,2,3,3
498,0,1,3,0,3,3,3,0,3,1,1,1,2,1,2,4,2,0,0,3,1,0,3,0,2,0,0,0,0,0,2,0,1,3,3
499,0,1,1,0,0,3,2,1,3,1,1,3,2,1,2,4,2,0,0,3,1,1,3,0,2,0,0,0,0,0,2,0,2,9,3
500,0,1,5,0,2,3,2,0,4,2,1,3,2,3,2,4,2,0,0,3,1,1,3,0,0,0,0,0,0,0,2,0,1,0,3
501,0,1,2,0,0,0,0,0,0,0,1,4,2,3,2,4,2,0,0,3,1,1,3,0,2,0,0,0,0,0,2,0,2,3,2
502,0,1,2,0,0,1,0,1,3,0,1,1,2,1,2,3,2,0,0,2,1,0,3,0,0,0,0,0,0,0,2,0,1,6,3
503,0,1,2,0,2,0,3,1,3,2,1,1,2,3,2,4,2,0,0,1,1,3,3,0,2,0,0,0,0,0,2,0,2,1,3
504,0,1,1,0,2,1,0,3,3,1,1,3,2,1,2,4,2,0,0,3,1,1,3,0,0,0,0,2,0,0,2,0,1,9,3
505,3,1,2,1,0,0,2,3,4,0,1,4,2,1,2,4,2,0,0,1,1,1,3,0,2,0,0,0,0,0,2,0,0,9,3
506,0,1,2,2,0,2,3,1,3,0,1,3,2,3,2,4,2,0,0,1,1,1,3,0,0,0,0,0,0,0,2,0,2,1,2
507,0,1,2,0,2,0,2,0,3,2,1,4,2,4,2,4,2,0,0,3,1,1,3,0,2,0,0,0,0,0,2,0,0,3,4
508,0,1,3,0,0,4,0,0,4,2,1,4,2,3,2,4,2,0,0,3,1,1,3,0,2,0,0,2,0,0,2,0,1,3,3
509,0,1,5,0,2,3,2,3,3,2,1,1,2,3,2,4,2,0,0,1,3,1,3,0,2,0,0,2,0,0,2,0,2,1,3
510,0,1,1,0,0,1,0,1,0,0,1,3,2,3,2,4,2,0,0,1,1,1,3,0,2,0,0,0,0,0,2,0,2,9,3
511,0,1,1,1,0,3,0,1,4,2,1,3,2,1,2,4,2,0,0,1,1,3,0,2,2,0,0,0,0,0,2,0,1,9,3
512,0,1,1,2,1,0,1,2,0,1,0,1,2,1,2,3,2,0,0,1,1,1,0,2,2,0,0,1,0,0,2,0,1,3,3
513,0,1,1,2,1,0,1,2,0,1,0,3,2,1,2,3,2,0,0,1,1,0,3,2,2,0,0,1,0,0,2,0,1,3,3
514,0,1,1,2,1,5,1,2,0,1,0,3,2,1,2,3,2,0,0,1,1,1,3,2,2,0,0,1,0,0,2,0,1,1,3
515,0,1,1,2,0,0,1,2,0,1,0,3,2,1,2,3,2,0,0,1,1,0,3,2,2,0,0,1,0,0,2,0,1,3,3
516,0,1,1,2,2,5,1,2,0,1,0,3,2,1,2,3,2,0,0,1,1,1,3,2,2,0,0,1,0,0,2,0,1,3,3
517,0,1,1,0,3,1,0,3,4,0,1,3,2,3,2,4,2,0,0,3,1,1,3,0,2,0,0,2,0,0,2,0,2,3,3
518,0,1,2,0,0,3,2,0,3,2,1,4,2,3,2,4,2,0,0,3,1,1,3,0,2,0,0,0,0,0,2,0,1,3,4
519,0,1,2,0,0,3,3,3,4,0,1,4,2,1,2,4,2,0,0,1,1,1,3,0,2,0,0,0,0,0,2,0,2,3,4
520,0,1,2,2,2,4,3,0,3,1,1,3,2,3,2,3,2,0,0,3,1,1,3,0,2,0,0,0,0,0,2,0,1,1,2
521,0,1,1,1,2,3,3,1,3,0,1,1,2,1,2,3,2,0,0,1,0,1,3,0,2,0,0,0,0,0,2,0,0,9,3
522,0,1,2,0,3,3,0,0,0,1,1,3,2,3,2,4,2,0,0,1,0,1,3,0,2,0,0,0,0,0,2,0,1,1,2
523,0,1,1,0,2,3,0,0,3,1,1,4,2,3,2,4,2,0,0,1,1,0,3,0,2,0,0,2,0,0,2,0,0,3,3
524,0,1,2,2,0,3,2,0,3,1,1,4,2,3,2,4,2,0,0,1,1,1,3,0,2,0,0,0,0,0,2,0,1,1,2
525,0,1,3,2,0,1,0,3,4,0,1,4,2,1,2,4,2,0,0,1,1,1,4,0,2,0,0,0,0,0,2,0,2,3,3
526,0,1,1,0,0,1,0,3,4,0,1,4,2,3,2,4,2,0,0,1,1,0,3,0,0,0,0,2,0,0,2,0,2,3,3
527,0,1,1,1,0,3,0,0,3,2,1,4,2,3,2,4,2,0,0,3,1,1,3,0,2,0,0,0,0,0,2,0,1,9,4
528,0,1,1,1,2,1,0,1,3,2,1,4,2,1,2,4,2,0,0,1,0,0,4,0,2,0,0,0,0,0,2,0,1,3,3
529,0,1,2,0,0,0,3,3,4,0,1,4,2,1,2,4,2,0,0,3,1,1,4,0,2,0,0,2,0,0,2,0,1,3,2
530,0,1,3,2,2,1,0,1,3,0,1,4,2,3,2,4,2,0,0,1,1,0,3,0,2,0,0,0,0,0,2,0,2,10,2
531,0,1,1,0,2,1,0,1,0,1,1,3,2,0,2,4,2,0,0,1,1,3,3,2,2,0,0,0,0,0,2,0,1,9,3
532,3,1,1,1,0,3,2,1,4,2,1,4,2,1,2,4,2,0,0,1,1,0,4,0,2,0,0,0,0,0,2,0,1,9,3
533,0,1,1,1,2,3,3,3,3,2,1,4,2,1,2,4,2,0,0,3,1,0,3,0,2,0,0,0,0,0,2,0,1,3,3
534,0,1,2,0,0,1,0,1,4,0,1,4,2,3,2,4,2,0,0,3,1,3,3,2,2,0,0,0,0,0,2,0,2,9,3
535,0,1,4,2,0,0,1,2,0,1,0,3,2,1,2,3,2,0,0,1,1,0,3,2,2,0,0,1,0,0,2,0,1,3,3
536,0,1,1,2,1,5,1,2,0,1,0,3,2,1,2,3,2,0,0,1,1,0,3,2,2,0,0,1,0,0,2,0,1,3,3
537,0,1,1,2,1,5,1,2,0,1,0,3,2,1,2,3,2,0,0,1,1,0,0,2,2,0,0,1,0,0,2,0,1,1,3
538,0,1,4,2,1,5,1,2,0,1,0,3,2,1,2,3,2,0,0,1,1,0,0,2,2,0,0,1,0,0,2,0,1,3,3
539,0,1,4,2,2,0,1,2,0,1,0,3,2,1,2,3,2,0,0,3,3,3,0,2,2,0,0,1,0,0,2,0,1,1,3
540,0,1,4,2,3,5,1,2,0,1,0,3,2,1,2,3,2,0,0,1,1,0,0,2,2,0,0,1,0,0,2,0,1,1,3
541,0,1,1,2,1,5,1,2,0,1,0,3,2,1,2,3,2,0,0,1,1,0,3,2,2,0,0,1,0,0,2,0,0,3,3
542,0,1,1,2,1,5,1,2,0,1,0,3,2,1,2,3,2,0,0,1,1,1,3,2,2,0,0,1,0,0,2,0,1,3,3
543,0,1,1,2,1,5,1,2,0,1,0,3,2,1,2,3,2,0,0,1,1,1,3,2,2,0,0,1,0,0,2,0,1,3,3
544,0,1,4,2,0,0,1,0,0,1,0,3,2,1,2,3,2,0,0,3,1,0,0,2,2,0,0,1,0,0,2,0,1,1,3
545,0,1,1,2,0,5,1,2,1,1,0,3,2,1,2,3,2,0,0,1,1,0,3,2,2,0,0,1,0,0,2,0,1,3,3
546,0,1,2,0,0,4,0,1,3,0,1,3,2,3,2,4,2,0,0,1,1,1,3,2,2,0,0,0,0,0,2,0,0,3,1
547,0,1,3,0,1,0,0,4,3,0,0,1,2,1,2,4,2,0,0,3,3,1,3,2,2,0,0,0,0,0,0,1,0,3,1
548,0,1,2,0,3,3,0,0,3,0,1,3,2,3,2,4,2,0,0,3,3,1,3,2,2,0,0,0,0,0,2,0,0,3,1
549,0,1,3,0,0,4,0,3,3,2,1,3,2,1,2,4,2,0,0,1,3,1,2,2,2,0,0,0,0,0,0,1,0,3,1
550,0,1,2,0,2,4,0,4,2,0,0,1,2,1,2,4,2,0,0,1,1,3,0,2,2,0,0,0,0,3,2,0,0,3,1
551,0,1,2,0,0,4,0,3,3,0,0,3,2,1,2,4,2,0,0,3,1,1,3,2,2,0,0,0,0,3,2,0,0,3,1
552,0,1,1,0,2,3,0,3,3,0,0,3,2,1,2,4,2,0,0,1,3,1,0,2,2,0,0,0,0,0,2,0,0,3,1
553,0,1,3,0,0,6,2,0,4,0,1,3,2,3,2,4,2,2,2,3,3,1,3,2,2,0,0,0,0,0,2,0,0,3,1
554,0,1,2,0,0,6,0,0,3,0,1,3,2,1,2,4,2,0,0,3,3,1,3,2,2,0,0,0,0,0,2,0,0,3,1
555,0,1,0,2,1,0,3,3,4,0,0,3,2,1,2,4,2,0,0,1,3,3,3,2,2,0,0,1,0,3,2,0,0,3,1
556,0,1,2,0,1,4,3,3,4,0,0,3,2,1,2,4,2,2,2,3,3,1,3,2,2,0,0,1,0,0,2,0,0,3,1
557,0,1,2,0,0,0,3,0,4,0,1,3,2,1,2,4,2,0,0,1,3,1,3,2,2,0,0,0,0,0,2,0,0,3,1
558,0,1,2,0,4,0,0,3,4,0,0,3,2,1,2,4,2,0,0,3,1,1,0,2,2,0,0,1,0,1,0,1,0,3,1
559,0,1,2,0,2,4,3,3,4,0,0,3,2,1,2,3,2,0,0,1,3,1,3,2,2,0,0,1,0,0,2,0,0,5,1
560,0,1,2,0,0,4,3,3,3,0,1,3,2,1,2,4,2,0,0,3,1,1,3,2,2,0,0,0,0,0,0,1,0,3,1
561,0,1,2,0,0,0,3,3,3,0,1,3,2,1,2,4,2,0,0,3,3,1,3,2,2,0,0,0,0,0,2,0,0,7,1
562,0,1,2,0,2,4,3,0,4,0,1,3,2,3,2,4,2,0,0,3,3,1,3,2,2,0,0,0,0,0,0,1,0,7,1
563,0,1,2,0,0,4,0,0,3,0,0,3,2,3,2,4,2,0,0,1,3,3,0,2,2,0,0,1,0,3,2,0,0,5,1
564,0,1,0,0,2,2,2,4,2,2,0,3,2,1,2,4,2,0,0,1,1,1,3,0,2,0,0,1,0,2,2,0,0,3,1
565,0,1,0,0,0,2,2,4,2,2,0,3,2,1,2,4,2,0,0,1,0,1,3,0,2,0,0,1,0,2,2,0,0,3,1
566,0,1,0,0,0,2,2,4,2,2,0,3,2,1,2,4,2,0,0,1,0,1,3,0,2,0,0,0,0,0,2,0,0,3,1
567,0,1,0,0,1,0,2,4,2,0,0,3,2,1,2,4,2,0,0,1,0,1,3,0,2,0,0,5,0,0,2,0,1,3,1
568,0,1,0,0,0,3,2,4,2,2,0,3,2,1,2,4,2,0,0,1,0,1,3,0,2,0,0,5,0,0,2,0,0,3,1
569,0,1,0,0,0,2,2,4,2,0,0,3,2,1,2,4,2,0,0,1,0,1,3,0,2,0,0,0,0,0,2,0,0,3,1
570,0,1,0,0,2,2,2,4,2,0,0,3,2,1,2,4,2,0,0,1,1,1,0,0,2,0,0,1,0,0,2,0,0,3,1
571,0,1,0,0,1,2,2,4,2,0,0,3,2,1,2,4,2,0,0,1,0,1,3,0,2,0,0,1,0,0,2,0,0,3,1
572,0,1,0,0,3,2,2,4,2,2,0,3,2,1,2,4,2,0,0,1,0,1,3,0,2,0,0,0,0,0,2,0,0,3,1
573,0,1,0,0,1,2,2,4,2,2,0,3,2,1,2,4,2,0,0,1,0,1,3,0,2,0,0,1,0,0,2,0,0,3,1
574,0,1,0,0,3,2,2,4,2,0,0,3,2,1,2,4,2,0,0,1,0,1,3,0,2,0,0,1,0,0,2,0,1,3,1
575,0,1,3,0,3,2,2,4,2,2,0,3,2,1,2,4,2,0,0,1,0,1,3,0,2,0,0,5,0,0,2,0,0,3,1
576,0,1,0,0,0,2,2,4,2,2,0,3,2,1,2,4,2,0,0,1,0,1,3,0,2,0,0,0,0,0,2,0,0,3,1
577,0,1,0,0,4,0,0,4,2,0,0,3,2,1,2,4,2,0,0,1,0,1,3,0,2,0,0,1,0,0,2,0,1,3,1
578,0,1,0,0,4,2,0,4,2,0,0,3,2,1,2,4,2,0,0,1,1,1,3,0,2,0,0,1,0,0,2,0,0,3,1
579,0,1,0,0,3,2,2,4,2,0,0,3,2,1,2,4,2,0,0,1,0,1,3,0,2,0,0,0,0,0,2,0,0,3,1
580,0,1,0,0,3,2,2,4,2,2,0,3,2,1,2,4,2,0,0,1,0,1,3,0,2,0,0,1,0,0,2,0,0,3,1
581,0,1,0,0,0,0,0,4,2,0,0,3,2,1,2,4,2,0,0,1,1,1,0,0,2,0,0,1,0,0,2,0,1,3,1
582,0,1,1,2,0,5,1,2,0,1,0,3,2,3,2,3,2,0,0,1,1,0,0,2,2,0,0,1,0,0,2,0,1,3,3
583,0,1,1,2,1,0,1,2,0,1,0,3,2,1,2,3,2,0,0,3,0,0,3,2,2,0,0,1,0,0,2,0,1,1,3
584,0,1,4,2,0,5,1,2,0,1,1,3,2,1,2,3,2,0,0,3,0,0,4,2,2,0,0,1,0,0,2,0,0,3,3
585,0,1,1,2,1,0,1,2,0,1,0,3,2,1,2,3,2,0,0,3,1,1,0,2,2,0,0,1,0,0,2,0,1,3,3
586,0,1,4,2,2,5,1,2,0,1,0,3,2,1,2,3,2,0,0,3,1,1,0,2,2,0,0,1,0,0,2,0,1,1,3
587,0,1,4,2,0,5,1,2,0,1,1,3,2,1,2,3,2,0,0,1,1,0,4,2,2,0,0,1,0,0,2,0,1,3,3
588,0,1,4,2,1,0,1,2,0,1,0,3,2,1,2,3,2,0,0,3,3,3,0,2,2,0,0,1,0,0,2,0,0,1,3
589,0,1,5,2,0,0,1,2,0,1,1,3,2,1,2,3,2,0,0,3,0,0,4,2,2,0,0,1,0,0,2,0,1,3,3
590,0,1,1,2,1,0,1,2,0,1,0,3,2,1,2,3,2,0,0,1,1,1,0,2,2,0,0,1,0,0,2,0,1,3,3
591,0,1,1,2,0,0,1,2,0,1,1,3,2,1,2,3,2,0,0,1,1,1,3,2,2,0,0,1,0,0,2,0,1,3,3
592,0,1,4,2,2,5,1,2,0,1,0,3,2,1,2,3,2,0,0,1,0,0,3,2,2,0,0,1,0,0,2,0,1,3,3
593,0,1,1,2,3,5,1,2,0,1,1,3,2,1,2,3,2,0,0,3,0,0,3,2,2,0,0,1,0,0,2,0,0,3,3
594,0,1,1,2,2,0,1,2,0,1,0,3,2,1,2,3,2,0,0,3,1,0,0,2,2,0,0,1,0,0,2,0,1,3,3
595,0,1,0,2,0,0,1,2,1,1,1,3,2,1,2,3,2,0,0,1,0,0,4,2,2,0,0,1,0,0,2,0,1,3,3
596,0,1,1,2,1,0,1,2,0,1,0,3,2,1,2,3,2,0,0,1,0,0,0,2,2,0,0,1,0,0,2,0,1,1,3
597,0,1,0,0,3,2,0,4,2,2,0,3,2,1,2,4,2,0,0,1,0,1,3,0,2,0,0,0,0,2,2,0,0,3,1
598,0,1,0,0,1,2,2,4,2,2,0,3,2,1,2,4,2,0,0,1,0,1,3,0,2,0,0,1,0,0,2,0,0,3,1
599,0,1,0,0,2,0,0,4,2,2,0,3,2,1,2,4,2,0,0,1,1,1,3,0,2,0,0,1,0,2,2,0,0,3,1
600,0,1,0,0,2,0,0,4,2,2,0,3,2,1,2,4,2,0,0,1,0,1,3,0,2,0,0,1,0,0,2,0,0,3,1
601,0,1,0,0,0,2,0,4,2,0,0,3,2,1,2,4,2,0,0,1,1,1,3,0,2,0,0,5,0,0,2,0,0,3,1
602,0,1,0,0,0,2,2,4,2,0,0,3,2,1,2,4,2,0,0,1,0,1,3,0,2,0,0,5,0,0,2,0,1,3,1
603,0,1,3,0,3,2,2,4,2,2,0,3,2,1,2,4,2,0,0,1,1,1,3,0,2,0,0,1,0,0,2,0,0,3,0
604,0,1,3,0,2,2,2,4,2,2,0,3,2,1,2,4,2,0,0,1,1,1,3,0,2,0,0,1,0,0,2,0,0,3,1
605,0,1,3,0,0,6,2,4,2,0,1,3,2,1,2,4,2,0,0,1,1,1,4,0,2,0,0,1,0,0,2,0,1,3,1
606,0,1,3,0,0,2,0,4,2,0,1,3,2,1,2,4,2,0,0,1,1,0,3,0,2,0,0,1,0,0,2,0,1,3,2
607,0,1,3,2,0,6,2,4,2,0,1,3,2,1,2,4,2,0,0,1,1,1,4,0,2,0,0,5,0,0,2,0,1,3,1
608,0,1,3,0,3,6,2,4,2,0,1,4,2,1,2,4,2,0,0,1,1,1,3,0,2,0,0,6,0,0,2,0,1,3,1
609,0,1,2,0,2,4,0,3,3,0,1,4,2,1,2,4,2,0,0,1,1,1,3,0,2,0,0,0,0,0,2,0,2,3,3
610,0,1,2,0,2,0,0,3,3,0,1,4,2,4,2,4,2,0,0,1,1,0,3,0,2,0,0,0,0,0,0,1,1,3,2
611,0,1,1,1,2,3,2,1,3,0,1,3,2,4,2,4,2,0,0,1,3,1,3,0,2,0,0,2,0,0,2,0,1,1,4
612,0,1,2,1,3,6,0,1,3,0,1,3,2,1,2,4,2,0,0,3,1,0,4,0,2,0,0,0,0,0,2,0,1,3,4
613,0,1,2,0,0,5,0,1,4,0,1,3,2,1,2,4,2,0,0,3,1,0,3,0,2,0,0,0,0,0,2,0,2,9,3
614,0,1,1,0,0,6,3,1,4,0,1,4,2,1,2,4,2,0,0,1,1,0,3,2,2,0,0,2,0,0,2,0,1,0,3
615,0,1,5,0,2,0,3,1,3,2,1,4,2,1,2,4,2,0,0,1,0,0,3,0,2,0,0,0,0,0,2,0,1,3,4
616,0,1,2,2,2,6,0,1,3,0,1,4,2,1,2,4,2,0,0,1,0,1,3,0,2,0,0,2,0,0,2,0,2,3,2
617,0,1,2,0,2,3,1,1,4,1,1,4,2,4,2,4,2,0,0,3,1,1,4,0,2,0,0,0,0,0,2,0,0,6,3
618,0,1,1,0,2,0,3,1,4,0,1,3,2,3,2,4,2,0,0,4,1,0,3,0,2,0,0,0,0,0,2,0,2,9,3
619,0,1,2,0,0,6,0,1,4,0,1,4,2,3,2,4,2,0,0,3,3,1,3,0,0,0,0,2,0,0,2,0,1,6,3
620,0,1,2,0,0,3,0,1,4,1,1,4,2,1,2,3,2,0,0,1,1,3,4,2,2,0,0,0,0,0,2,0,2,3,4
621,0,1,2,0,0,4,0,1,4,2,1,4,2,1,2,4,2,0,0,3,1,1,3,0,2,0,0,0,0,0,2,0,2,3,3
622,0,1,2,0,0,6,0,1,4,2,1,4,2,3,2,4,2,0,0,3,3,1,4,0,2,0,0,2,0,0,2,0,2,0,3
623,0,1,1,0,2,3,3,3,4,2,1,3,2,1,2,4,2,0,0,3,1,1,4,0,2,0,0,0,0,0,2,0,2,9,3
624,3,1,0,1,0,3,2,1,3,0,1,4,2,3,2,4,2,0,0,1,1,1,3,0,2,0,0,0,0,0,2,0,2,9,3
625,0,1,2,1,3,0,3,1,4,0,1,3,2,1,2,4,2,0,0,1,1,0,3,0,2,0,0,0,0,0,2,0,1,3,2
626,0,1,2,0,0,0,3,1,4,2,1,4,2,1,2,4,2,0,0,1,3,3,3,2,2,0,0,0,0,0,2,0,2,3,3
627,0,1,1,0,3,3,0,1,4,0,0,3,2,1,2,4,2,0,0,3,1,1,0,2,2,0,0,1,0,0,0,1,0,5,1
628,0,1,2,0,0,4,0,0,2,0,0,3,2,1,2,4,2,0,0,3,3,1,0,0,0,0,0,0,0,0,2,0,0,3,1
629,0,1,2,0,1,4,0,1,4,0,0,3,2,1,2,4,2,0,0,1,1,1,3,2,2,0,0,0,0,0,2,0,0,3,1
630,0,1,2,0,0,6,0,0,4,0,1,3,2,1,2,4,2,0,0,3,3,1,3,2,2,0,0,0,0,0,2,0,0,3,1
631,0,1,2,0,0,4,0,0,4,0,0,3,2,3,2,4,2,0,0,1,3,1,0,2,2,0,0,1,0,0,2,0,0,3,1
632,0,1,3,0,0,6,0,1,4,0,0,3,2,3,2,4,2,0,0,3,3,1,0,2,2,0,0,0,0,0,2,0,0,3,1
633,0,1,3,0,0,4,0,1,4,0,0,3,2,1,2,4,2,0,0,3,3,1,3,2,2,0,0,1,0,0,0,1,0,3,1
634,0,1,3,0,0,6,0,0,3,0,1,3,2,1,2,4,2,0,0,3,3,1,3,2,2,0,0,0,0,0,2,0,0,5,1
635,0,1,0,0,0,0,0,3,4,0,0,3,2,1,2,4,2,0,0,3,3,1,3,2,2,0,0,0,0,0,2,0,0,3,1
636,0,1,2,0,0,4,3,0,3,0,1,3,2,1,2,4,2,0,0,3,1,1,3,2,2,0,0,0,0,0,2,0,0,3,1
637,0,1,0,0,2,1,3,0,4,0,1,3,2,3,2,4,2,0,0,3,1,1,3,2,2,0,0,0,0,0,2,0,0,3,1
638,0,1,0,0,3,1,0,3,4,0,1,3,2,1,2,4,2,0,0,3,3,1,3,2,2,0,0,1,0,0,0,1,0,3,1
639,0,1,2,0,0,4,0,0,4,0,0,3,2,3,2,4,2,0,0,3,1,1,0,2,2,0,0,1,0,0,0,1,0,3,1
640,0,1,2,0,0,4,0,0,4,0,1,3,2,1,2,4,2,0,0,3,3,1,3,2,2,0,0,0,0,2,0,1,0,7,1
641,0,1,0,0,0,4,0,0,4,0,0,3,2,3,2,4,2,0,2,3,3,1,3,2,2,0,0,0,0,0,2,0,0,3,1
642,0,1,2,0,0,4,0,0,4,0,0,3,2,1,2,4,2,0,0,1,3,3,0,2,2,0,0,1,0,0,2,0,0,3,1
643,0,1,5,2,0,5,1,2,0,1,1,3,2,1,2,3,2,0,0,3,0,0,4,2,2,0,0,1,0,0,2,0,1,3,3
644,0,1,1,2,3,0,1,2,0,1,1,3,2,1,2,3,2,0,0,3,0,0,3,2,2,0,0,1,0,0,2,0,1,1,3
645,0,1,5,2,0,0,1,2,0,1,1,3,2,1,2,3,2,0,0,3,0,0,4,2,2,0,0,1,0,0,2,0,1,3,3
646,0,1,1,2,1,5,1,2,0,1,0,3,2,1,2,3,2,0,0,3,1,0,3,2,2,0,0,5,0,0,2,0,1,1,3
647,0,1,2,2,0,5,1,2,0,1,1,3,2,1,2,3,2,0,0,3,0,0,4,2,2,0,0,1,0,0,2,0,1,3,3
648,0,1,1,2,0,0,1,2,0,1,1,3,2,1,2,3,2,0,0,3,0,0,4,2,2,0,0,1,0,0,2,0,1,3,3
649,0,1,5,2,1,5,1,2,0,1,1,3,2,1,2,3,2,0,0,3,0,0,3,2,2,0,0,1,0,0,2,0,1,3,3
650,0,1,2,2,0,5,1,2,0,1,1,3,2,1,2,3,2,0,0,3,0,0,4,2,2,0,0,1,0,0,2,0,1,3,3
651,0,1,1,2,1,5,1,2,0,1,0,1,2,1,2,3,2,0,0,3,0,0,0,2,2,0,0,1,0,0,2,0,1,3,3
652,0,1,1,2,2,5,1,2,0,1,0,3,2,1,2,3,2,0,0,1,0,0,0,2,2,0,0,1,0,0,2,0,0,3,3
653,0,1,1,2,0,5,1,2,0,1,1,3,2,1,2,3,2,0,0,3,0,0,4,2,2,0,0,1,0,0,2,0,1,1,3
654,0,1,1,2,2,5,1,2,0,1,0,3,2,1,2,3,2,0,0,3,0,0,0,2,2,0,0,1,0,0,2,0,1,1,3
655,0,1,1,2,0,0,1,2,0,1,0,3,2,3,2,3,2,0,0,1,0,0,0,2,2,0,0,1,0,0,2,0,1,3,3
656,0,1,1,2,1,5,1,2,0,1,0,3,2,1,2,3,2,0,0,3,0,0,3,2,2,0,0,1,0,0,2,0,1,3,3
657,0,1,1,2,1,0,1,2,0,1,0,3,2,1,2,3,2,0,0,3,1,1,0,2,2,0,0,0,0,0,2,0,1,3,3
658,0,1,1,2,0,5,1,2,0,1,0,3,2,1,2,3,2,0,0,3,0,0,0,2,2,0,0,5,0,0,2,0,1,3,3
659,0,1,1,2,2,5,1,2,0,1,0,3,2,3,2,3,2,0,0,1,0,0,0,2,2,0,0,0,0,0,2,0,1,3,3
660,0,1,2,2,0,0,1,2,0,1,1,3,2,1,2,3,2,0,0,1,0,0,3,2,2,0,0,0,0,0,2,0,1,3,3
661,0,1,2,2,0,6,3,1,3,0,1,4,2,3,2,4,2,0,0,3,1,0,3,0,2,0,0,0,0,0,2,0,2,3,3
662,0,1,5,0,2,4,0,1,3,1,1,4,2,1,2,4,2,0,0,1,1,0,4,0,2,0,0,0,0,0,2,0,1,3,3
663,0,1,1,0,0,6,3,3,4,2,1,4,2,3,2,4,2,0,0,1,1,1,3,0,2,0,0,0,0,0,2,0,2,9,3
664,0,1,2,1,2,3,3,3,4,2,1,4,2,1,2,4,2,0,0,1,1,0,4,0,2,0,0,2,0,0,2,0,1,3,4
665,0,1,2,1,0,3,0,1,0,1,1,4,2,1,2,4,2,0,0,1,1,1,0,2,2,0,0,0,0,0,2,0,2,3,4
666,0,1,2,0,2,0,3,3,3,0,1,4,2,1,2,4,2,0,0,1,1,0,3,0,2,0,0,0,0,0,2,0,1,3,3
667,0,1,3,0,2,0,0,1,3,1,1,3,2,1,2,4,2,0,0,1,1,0,3,0,2,0,0,0,0,0,2,0,1,1,3
668,0,1,2,2,2,5,3,3,0,0,1,4,2,1,2,4,2,0,0,3,1,0,3,0,2,0,0,0,0,3,2,0,2,1,2
669,0,1,2,0,0,0,3,1,4,0,1,3,2,3,2,4,2,0,0,1,1,0,3,0,2,0,0,0,0,0,2,0,1,3,3
670,0,1,2,0,0,0,3,3,4,2,1,4,2,3,2,4,2,0,0,1,1,1,3,0,2,0,0,2,0,0,2,0,1,3,4
671,0,1,3,0,2,5,0,1,4,0,1,3,2,3,2,4,2,0,0,3,1,0,3,0,2,0,0,0,0,0,2,0,1,9,3
672,0,1,2,2,2,0,3,3,3,0,1,3,2,3,2,3,2,0,0,1,1,0,3,0,2,0,0,0,0,0,2,0,0,1,2
673,0,1,2,0,4,3,0,3,3,1,1,1,2,1,2,3,2,0,0,3,1,3,3,0,0,0,0,0,0,0,2,0,1,3,3
674,0,1,2,0,2,4,0,1,3,0,1,3,2,1,2,4,2,0,0,1,1,0,3,0,2,0,0,2,0,0,2,0,0,3,3
675,0,1,2,0,0,4,3,1,3,0,1,4,2,3,2,4,2,0,0,3,1,1,4,0,2,0,0,6,0,0,2,0,2,0,3
676,0,1,5,0,0,1,0,3,4,0,1,3,2,3,2,3,2,0,0,1,1,0,3,0,2,0,0,0,0,0,2,0,1,3,3
677,0,1,1,0,2,3,2,3,3,0,1,3,2,1,2,4,2,0,0,1,1,0,3,0,2,0,0,2,0,0,2,0,1,9,3
678,3,1,2,0,2,1,0,1,4,2,1,3,2,1,2,3,2,0,0,1,1,0,3,0,2,0,0,0,0,0,2,0,1,3,3
679,0,1,3,0,0,0,3,0,4,0,1,3,2,1,2,4,2,0,0,3,3,1,3,2,2,0,0,0,0,0,2,0,0,3,1
680,0,1,2,0,0,4,3,0,3,0,1,3,2,1,2,4,2,0,0,3,1,1,3,2,2,0,0,0,0,0,2,0,0,3,1
681,0,1,3,0,2,3,3,3,2,0,1,3,2,1,2,4,2,0,0,1,3,1,3,2,2,0,0,0,0,0,2,0,0,3,1
682,0,1,3,0,4,5,3,3,4,0,1,3,2,1,2,4,2,0,0,3,1,1,1,2,2,0,0,0,0,0,2,0,0,3,1
683,0,1,3,0,1,0,3,3,2,0,0,3,2,3,2,4,2,0,0,3,3,1,1,2,2,0,0,0,0,0,2,0,0,1,1
684,0,1,1,0,3,3,0,0,2,2,0,3,2,3,2,4,2,0,0,1,1,1,0,2,2,0,0,0,0,0,2,0,0,3,1
685,0,1,2,0,0,1,0,3,3,0,1,3,2,1,2,4,2,0,0,1,3,1,3,2,2,0,0,0,0,0,2,0,0,3,1
686,0,1,2,0,2,5,0,3,2,0,0,3,2,1,2,4,2,0,0,1,1,1,0,2,2,0,0,1,0,0,2,0,0,3,1
687,0,1,1,0,0,4,0,0,2,1,0,3,2,3,2,4,2,0,0,1,3,3,0,2,2,0,0,1,0,0,2,0,0,5,1
688,0,1,1,0,0,1,3,0,2,0,0,3,2,1,2,4,2,0,0,1,1,1,3,2,2,0,0,1,0,3,0,1,0,3,1
689,0,1,2,0,1,1,0,0,4,2,0,3,2,3,2,4,2,0,0,3,3,1,0,2,2,0,0,0,0,2,0,1,0,5,1
690,0,1,2,0,4,1,0,3,3,0,1,3,2,1,2,4,2,0,0,1,1,1,3,2,2,0,0,0,0,0,0,1,0,3,1
691,0,1,2,0,4,4,0,1,4,0,0,3,2,3,2,4,2,0,0,3,3,1,0,2,2,0,0,1,0,0,2,0,0,3,1
692,0,1,2,0,0,4,0,0,2,0,0,3,2,3,2,4,2,0,0,1,3,3,0,2,2,0,0,1,0,0,0,1,0,5,1
693,0,1,1,0,0,4,0,0,3,0,0,3,2,1,2,4,2,0,0,1,3,1,3,2,2,0,0,0,0,0,0,1,0,3,1
694,0,1,0,0,2,4,3,3,2,0,1,3,2,1,2,4,2,0,0,3,3,1,3,2,2,0,0,0,0,0,2,0,0,7,1
695,0,1,3,0,0,4,3,0,4,0,0,3,2,3,2,4,2,0,0,3,3,0,3,2,2,0,0,0,0,0,2,0,0,3,1
696,0,1,3,0,0,1,3,0,4,0,0,3,2,1,2,4,2,0,0,3,3,1,3,2,2,0,0,0,0,0,2,0,0,3,1
697,0,1,0,2,3,0,2,4,2,0,0,3,2,1,2,4,2,0,0,1,1,1,3,0,2,0,0,5,0,2,2,0,1,3,2
698,0,1,0,0,0,3,2,4,2,2,0,3,2,1,2,4,2,0,0,1,0,1,3,0,2,0,0,0,0,0,2,0,0,3,1
699,0,1,0,0,3,2,2,4,2,2,0,3,2,1,2,1,2,0,0,1,1,1,3,0,2,0,0,1,0,0,2,0,0,3,1
700,0,1,0,0,3,2,2,4,2,2,0,3,2,1,2,4,2,0,0,1,1,1,3,0,2,0,0,0,0,0,2,0,0,3,1
701,0,1,3,0,2,3,2,4,2,2,0,3,2,1,2,4,2,0,0,1,1,1,3,0,2,0,0,1,0,2,2,0,0,3,1
702,0,1,0,0,1,0,2,4,2,2,0,3,2,1,2,4,2,0,0,1,0,1,3,0,2,0,0,0,0,0,2,0,0,3,1
703,0,1,3,0,3,2,2,4,2,0,1,3,2,1,2,4,2,0,0,1,1,1,4,0,2,0,0,1,0,0,2,0,1,3,2
704,0,1,0,0,0,0,2,4,2,0,1,3,2,1,2,4,2,0,0,1,1,1,4,0,2,0,0,0,0,0,2,0,0,3,1
705,0,1,3,0,0,0,2,4,2,0,1,3,2,1,2,4,2,0,0,1,0,0,3,0,2,0,0,1,0,0,2,0,1,3,1
706,0,1,3,2,3,0,2,4,2,2,1,3,2,1,2,4,2,0,0,1,1,1,4,0,2,0,0,1,0,0,2,0,0,3,2
707,0,1,3,0,3,0,0,4,2,0,1,4,2,1,2,4,2,0,0,1,1,1,3,0,2,0,0,0,0,0,2,0,0,3,1
708,0,1,3,0,3,6,0,4,2,0,1,3,2,1,2,4,2,0,0,1,1,1,4,0,2,0,0,5,0,0,2,0,1,3,1
709,0,1,3,0,3,0,0,4,2,0,1,4,2,1,2,4,2,0,0,1,1,1,3,0,2,0,0,5,0,0,2,0,0,3,2
710,0,1,0,0,1,2,0,4,2,2,0,3,2,1,2,4,2,0,0,1,0,1,3,0,2,0,0,0,0,0,2,0,0,3,1
711,0,1,0,0,0,2,2,4,2,2,0,3,2,1,2,4,2,0,0,1,0,1,3,0,2,0,0,1,0,0,2,0,0,3,1
712,0,1,1,2,1,5,1,2,0,1,0,3,2,1,2,3,2,0,0,1,0,0,3,2,2,0,0,1,0,0,2,0,1,1,3
713,0,1,1,2,1,5,1,2,0,1,0,3,2,1,2,3,2,0,0,3,1,0,0,2,2,0,0,1,0,0,2,0,1,3,3
714,0,1,1,2,2,5,1,2,0,1,0,3,2,1,2,3,2,0,0,3,1,0,0,2,2,0,0,5,0,0,2,0,1,3,3
715,0,1,5,2,2,5,1,2,0,1,0,3,2,1,2,3,2,0,0,1,0,0,3,2,2,0,0,1,0,0,2,0,1,3,3
716,0,1,1,2,2,5,1,2,0,1,0,3,2,3,2,3,2,0,0,3,0,0,0,2,2,0,0,5,0,0,2,0,1,3,3
717,0,1,5,2,1,5,1,2,0,1,0,3,2,1,2,3,2,0,0,3,0,0,0,2,2,0,0,1,0,0,2,0,1,0,3
718,0,1,5,2,2,0,1,2,0,1,0,3,2,1,2,3,2,0,0,1,0,0,3,2,2,0,0,0,0,0,2,0,1,1,3
719,0,1,5,2,1,5,1,2,0,1,0,3,2,1,2,3,2,0,0,3,0,0,0,2,2,0,0,0,0,0,2,0,1,3,3
720,0,1,0,2,1,5,1,2,0,1,0,3,2,1,2,3,2,0,0,3,0,1,0,2,2,0,0,0,0,0,2,0,1,3,3
721,0,1,5,2,2,0,1,2,0,1,0,3,2,1,2,3,2,0,0,3,0,0,3,2,2,0,0,0,0,0,2,0,1,3,3
722,0,1,1,2,1,5,1,2,0,1,0,3,2,1,2,3,2,0,0,3,0,0,0,2,2,0,0,5,0,0,2,0,1,3,3
723,0,1,2,2,1,0,1,2,0,1,0,3,2,1,2,3,2,0,0,1,1,1,0,2,2,0,0,1,0,0,2,0,1,3,3
724,0,1,1,2,1,0,1,2,0,1,0,3,2,1,2,3,2,0,0,1,1,1,0,2,2,0,0,0,0,0,2,0,1,3,3
725,0,1,1,2,0,5,1,2,0,1,0,3,2,1,2,3,2,0,0,1,0,0,3,2,2,0,0,0,0,0,2,0,1,3,2
726,0,1,2,0,0,4,0,3,2,0,1,3,2,3,2,4,2,0,0,3,1,1,3,2,2,0,0,0,0,0,2,0,0,3,1
727,0,1,2,0,2,3,3,3,2,2,0,3,2,1,2,4,2,0,0,1,3,1,0,2,2,0,0,0,0,0,2,0,1,3,1
728,0,1,3,0,0,4,3,3,2,0,1,3,2,3,2,4,2,0,0,3,3,1,3,2,2,0,0,0,0,0,2,0,0,3,1
729,0,1,2,0,0,0,3,0,3,2,1,3,2,1,2,4,2,0,0,3,1,1,3,2,2,0,0,0,0,0,0,1,0,3,1
730,0,1,1,0,0,6,3,1,2,0,0,3,2,1,2,4,2,0,0,3,3,1,0,2,2,0,0,0,0,0,0,1,0,3,1
731,0,1,0,0,0,0,3,0,3,0,1,3,2,3,2,4,2,0,0,1,1,1,3,2,2,0,0,1,0,0,0,1,0,5,1
732,0,1,0,0,0,2,2,4,2,0,0,3,2,1,2,4,2,0,0,1,0,1,3,0,2,0,0,1,0,0,2,0,1,3,1
733,0,1,0,0,1,2,2,4,2,2,0,3,2,1,2,4,2,0,0,1,0,1,3,0,2,0,0,0,0,0,2,0,0,3,1
734,0,1,0,0,0,2,0,4,2,2,0,1,2,1,2,4,2,0,0,1,1,1,0,0,2,0,0,1,0,3,2,0,0,3,1
735,0,1,3,0,3,0,2,4,2,2,1,3,2,1,2,4,2,0,0,1,1,1,3,0,2,0,0,0,0,0,2,0,0,3,1
736,0,1,3,0,3,2,2,4,2,0,1,3,2,1,2,4,2,0,0,1,1,1,4,0,2,0,0,1,0,0,2,0,1,3,1
737,0,1,1,0,1,1,3,0,2,0,0,3,2,1,2,4,2,0,0,3,3,1,1,2,2,0,0,0,0,0,2,0,0,3,1
738,0,1,3,0,3,0,2,4,2,2,1,4,2,1,2,4,2,0,0,1,1,1,3,0,2,0,0,0,0,0,2,0,0,3,1
739,0,1,3,0,3,2,2,4,2,0,1,3,2,1,2,4,2,0,0,1,1,1,4,0,2,0,0,1,0,0,2,0,1,3,1
740,0,1,3,0,2,4,3,0,2,0,0,3,2,1,2,4,2,0,0,3,3,1,3,2,2,0,0,0,0,3,2,0,0,3,1
741,0,1,0,0,2,2,2,4,2,2,0,3,2,1,2,4,2,0,0,1,0,1,3,0,2,0,0,1,0,0,2,0,0,3,1
742,0,1,0,2,2,3,2,4,2,2,0,4,2,1,2,4,2,0,0,1,0,1,3,0,2,0,0,0,0,0,2,0,0,3,2
743,0,1,3,0,0,4,3,1,2,0,0,3,2,1,2,4,2,0,0,3,3,1,3,2,2,0,0,0,0,0,2,0,0,3,1
744,0,1,0,0,1,2,2,4,2,2,0,3,2,1,2,4,2,0,0,1,1,1,3,0,2,0,0,1,0,2,2,0,0,3,1
745,0,1,3,0,4,1,3,0,4,0,0,3,2,3,2,4,2,0,0,3,3,1,3,2,2,0,0,0,0,0,2,0,0,3,1
746,0,1,0,0,3,2,2,4,2,2,0,3,2,1,2,4,2,0,0,1,1,1,3,0,2,0,0,0,0,2,2,0,0,3,1
747,0,1,2,0,0,4,3,0,4,0,0,3,2,1,2,4,2,0,0,1,3,1,0,2,2,0,0,1,0,0,2,0,0,3,1
748,0,1,0,2,0,0,2,4,2,2,0,3,2,1,2,4,2,0,0,1,0,1,3,0,2,0,0,0,0,2,2,0,0,3,2
749,0,1,3,0,3,6,2,4,2,2,1,3,2,1,2,4,2,0,0,1,0,1,3,0,2,0,0,1,0,0,2,0,1,3,1
750,0,1,3,0,4,1,3,0,3,0,1,3,2,1,2,4,2,0,0,3,3,1,3,2,2,0,0,0,0,0,2,0,0,3,1
751,0,1,3,0,0,2,0,4,2,0,1,3,2,1,2,4,2,0,0,1,1,0,3,0,2,0,0,1,0,0,2,0,0,3,1
752,0,1,3,0,3,2,2,4,2,2,1,3,2,1,2,4,2,0,0,1,1,1,4,0,2,0,0,0,0,0,2,0,0,3,1
753,0,1,3,0,3,3,0,4,2,2,1,3,2,1,2,4,2,0,0,1,1,0,3,0,2,0,0,0,0,0,2,0,0,3,1
754,0,1,3,2,3,2,2,4,2,2,1,3,2,1,2,4,2,0,0,1,1,1,4,0,2,0,0,1,0,0,2,0,1,3,1
755,0,1,3,0,0,2,2,4,2,2,1,3,2,1,2,4,2,0,0,1,0,1,4,0,2,0,0,1,0,0,2,0,1,3,1
756,0,1,3,0,0,3,3,0,2,0,1,3,2,1,2,4,2,0,0,3,3,1,3,2,2,0,0,1,0,0,0,1,0,3,1
757,0,1,1,0,0,4,3,0,4,0,0,3,2,1,2,4,2,0,0,3,1,1,0,2,2,0,0,0,0,0,2,0,0,3,1
758,0,1,3,0,0,4,3,3,4,0,0,3,2,1,2,4,2,0,0,3,1,1,3,2,2,0,0,0,0,0,2,0,0,3,1
759,0,1,2,0,4,4,0,0,2,0,0,3,2,1,2,4,2,0,0,3,1,1,3,2,2,0,0,1,0,0,2,0,0,3,1
760,0,1,5,0,0,4,0,1,4,2,1,3,2,3,2,4,2,0,0,3,1,0,3,0,2,0,0,0,0,0,2,0,2,0,3
761,0,1,2,0,0,0,0,0,4,2,1,4,2,3,2,4,2,0,0,3,3,3,0,2,2,0,0,0,0,0,2,0,1,3,3
762,0,1,3,0,2,1,0,0,4,0,1,3,2,3,2,4,2,0,0,3,1,0,3,0,2,0,0,0,0,0,2,0,2,3,4
763,0,1,1,0,0,3,2,3,4,0,1,4,2,1,2,4,2,0,0,1,1,0,3,0,2,0,0,2,0,0,2,0,1,9,4
764,1,1,0,0,0,3,2,3,4,0,1,4,2,4,2,4,2,0,0,3,1,0,3,0,2,0,0,0,0,0,2,0,2,3,2
765,0,1,5,0,2,2,2,3,4,2,1,3,2,1,2,4,2,0,0,1,1,0,3,0,2,0,0,2,0,0,2,0,1,6,4
766,0,1,3,0,2,1,0,3,4,2,1,4,2,1,2,4,2,0,0,0,0,0,3,0,2,0,0,0,0,0,2,0,1,3,3
767,0,1,1,0,3,4,2,3,4,2,1,3,2,1,2,4,2,0,0,1,1,0,3,0,2,0,0,0,0,0,2,0,1,9,3
768,0,1,0,0,3,0,2,3,4,0,1,4,2,3,2,4,2,0,0,3,1,0,3,0,2,0,0,0,0,0,2,0,2,0,2
769,0,1,2,2,2,1,0,1,4,0,1,3,2,3,2,4,2,0,0,1,1,0,3,0,2,0,0,0,0,0,2,0,1,3,2
770,0,1,2,0,0,3,0,1,4,2,1,1,2,3,2,4,2,0,0,1,1,0,3,0,2,0,0,2,0,0,0,1,2,3,2
771,0,1,2,0,3,0,2,1,3,0,1,4,2,1,2,4,2,0,0,1,1,0,3,0,2,0,0,0,0,0,2,0,1,0,3
772,0,1,4,0,2,1,0,3,3,2,1,3,2,1,2,4,2,0,0,1,1,0,3,0,2,0,0,0,0,0,2,0,2,3,2
773,0,1,2,1,2,0,0,3,4,0,1,4,2,3,2,4,2,0,0,3,1,0,4,0,2,0,0,0,0,0,2,0,0,3,2
774,0,1,2,0,2,6,3,1,4,0,1,4,2,3,2,4,2,0,0,1,1,0,4,0,2,0,0,2,0,0,2,0,2,3,2
775,3,1,1,1,2,2,3,1,4,1,1,3,2,3,2,4,2,0,0,1,1,1,0,0,2,0,0,2,0,0,0,1,1,3,3
776,0,1,2,0,2,0,0,3,3,2,1,3,2,1,2,4,2,0,0,1,1,0,4,0,2,0,0,0,0,0,2,0,1,3,2
777,0,1,1,0,3,3,2,3,3,0,1,4,2,3,2,4,2,0,0,3,1,0,3,0,2,0,0,0,0,0,2,0,1,0,3
778,0,1,4,2,0,5,1,2,0,1,0,3,2,1,2,3,2,0,0,3,1,0,0,2,2,0,0,1,0,3,2,0,1,1,3
779,0,1,1,2,2,5,1,2,0,1,0,3,2,1,2,3,2,0,0,1,1,0,3,2,2,0,0,5,0,0,2,0,1,3,3
780,0,1,1,2,1,5,1,2,0,1,0,3,2,1,2,3,2,0,0,3,1,0,0,2,2,0,0,1,0,0,2,0,1,1,3
781,0,1,4,2,0,0,1,2,0,1,1,3,2,1,2,3,2,0,0,1,0,0,3,2,2,0,0,0,0,0,2,0,1,3,3
782,0,1,4,2,0,5,1,2,0,1,1,3,2,1,2,3,2,0,0,1,0,0,4,2,2,0,0,0,0,0,2,0,1,1,3
783,0,1,5,2,0,5,1,2,0,1,1,3,2,1,2,3,2,0,0,1,0,0,4,2,2,0,0,0,0,0,2,0,1,3,3
784,0,1,0,2,1,5,1,2,0,1,0,3,2,1,2,3,2,0,0,3,3,3,0,2,2,0,0,1,0,0,2,0,1,1,3
785,0,1,4,2,1,0,1,2,0,1,0,3,2,1,2,3,2,0,0,3,3,3,0,2,2,0,0,5,0,0,2,0,1,1,3
786,0,1,4,2,3,5,1,2,0,1,1,3,2,1,2,3,2,0,0,3,0,0,3,2,2,0,0,0,0,0,2,0,1,3,3
787,0,1,1,2,0,0,1,2,0,1,1,3,2,1,2,3,2,0,0,3,0,0,4,2,2,0,0,5,0,0,2,0,1,3,3
788,0,1,1,2,1,0,1,2,0,1,0,3,2,1,2,3,2,0,0,3,1,0,0,2,2,0,0,5,0,0,2,0,1,3,3
789,0,1,1,2,2,5,1,2,0,1,0,3,2,1,2,3,2,0,0,3,0,0,0,2,2,0,0,0,0,0,2,0,1,3,3
790,0,1,4,2,0,0,1,2,0,1,1,3,2,1,2,3,2,0,0,1,0,0,4,2,2,0,0,0,0,0,2,0,0,1,3
791,0,1,0,2,0,5,1,2,0,1,1,3,2,1,2,3,2,0,0,1,0,0,4,2,2,0,0,0,0,0,2,0,0,3,3
792,0,1,5,2,2,5,1,2,0,1,1,3,2,1,2,3,2,0,0,1,0,0,3,2,2,0,0,0,0,3,2,0,1,3,3
793,0,1,4,2,2,5,1,2,0,1,0,3,2,1,2,3,2,0,0,1,0,0,3,2,2,0,0,0,0,0,2,0,1,3,3
794,0,1,1,2,1,5,1,2,0,1,0,3,2,1,2,3,2,0,0,3,0,0,0,2,2,0,0,1,0,0,2,0,1,3,3
795,0,1,1,2,1,5,1,2,0,1,0,3,2,1,2,3,2,0,0,1,0,1,0,2,2,0,0,0,0,3,2,0,1,1,3
796,0,1,2,0,0,3,0,3,4,0,1,1,2,0,2,4,2,0,0,1,1,0,3,0,2,0,0,0,0,0,2,0,2,3,3
797,0,1,5,0,2,0,2,3,4,2,1,1,2,1,2,4,2,0,0,1,1,0,3,0,2,0,0,2,0,0,2,0,2,3,3
798,3,1,1,0,2,2,3,3,4,0,1,3,2,1,2,3,2,0,0,1,1,0,4,0,2,0,0,2,0,0,2,0,1,9,4
799,0,1,5,0,2,6,3,1,3,1,1,3,2,3,2,4,2,0,0,1,1,0,3,0,2,0,0,0,0,0,2,0,1,3,3
800,0,1,2,0,0,0,3,1,1,1,1,3,2,3,2,4,2,0,0,3,1,1,4,0,2,0,0,4,0,0,2,0,2,3,3
801,0,1,2,0,2,4,3,1,3,0,1,3,2,1,2,4,2,0,0,1,1,0,3,0,2,0,0,0,0,0,2,0,1,0,2
802,0,1,0,0,2,6,3,1,4,2,1,4,2,3,2,4,2,0,0,3,0,1,3,0,2,0,0,2,0,0,2,0,2,6,3
803,0,1,2,0,2,6,3,1,3,2,1,4,2,3,2,4,2,0,0,1,1,0,3,0,2,0,0,0,0,0,2,0,1,0,2
804,0,1,2,2,0,3,0,1,4,0,1,4,2,3,2,4,2,0,0,1,1,0,3,0,2,0,0,0,0,0,2,0,1,3,2
805,0,1,1,0,2,1,0,1,3,1,1,3,2,3,2,4,2,0,0,1,1,0,3,0,2,0,0,0,0,0,2,0,1,3,3
806,0,1,2,0,0,2,2,1,4,0,1,4,2,3,2,4,2,0,0,3,3,1,3,0,2,0,0,0,0,0,2,0,1,3,4
807,0,1,5,2,2,4,3,1,4,2,1,4,2,1,2,4,2,0,0,1,1,0,3,0,2,0,0,0,0,0,2,0,1,1,3
808,0,1,4,0,2,3,2,3,4,0,1,4,2,3,2,4,2,0,0,3,1,0,3,0,2,0,0,0,0,0,2,0,1,1,3
809,3,1,1,1,0,1,0,3,3,0,1,4,2,1,2,4,2,0,0,1,1,0,3,0,2,0,0,0,0,2,2,0,2,9,3
810,0,1,2,2,0,6,2,3,4,2,1,3,2,3,2,4,2,0,0,1,3,0,3,2,2,0,0,0,0,0,2,0,1,3,2
811,0,1,1,0,0,4,3,3,4,0,0,3,2,1,2,4,2,0,0,3,3,1,3,2,2,0,0,0,0,0,2,0,0,3,1
812,0,1,3,0,4,1,0,0,2,0,0,3,2,1,2,4,2,0,0,3,3,1,3,2,2,0,0,0,0,0,2,2,0,3,1
813,0,1,3,0,0,1,3,0,4,0,0,3,2,1,2,4,2,0,0,3,3,1,3,2,2,0,0,0,0,0,2,0,0,3,1
814,0,1,2,0,0,1,3,3,2,0,0,3,2,1,2,4,2,0,0,3,3,1,0,2,2,0,0,1,0,0,2,0,0,3,1
815,0,1,2,0,0,4,0,0,2,0,0,3,2,3,2,4,2,0,0,1,3,3,0,2,2,0,0,1,0,3,0,1,0,3,1
816,0,1,3,0,0,4,3,0,3,0,1,3,2,1,2,4,2,0,0,3,3,1,3,2,2,0,0,0,0,0,2,0,0,3,1
817,0,1,3,0,0,1,3,1,4,0,1,3,2,3,2,4,2,0,0,3,3,1,3,2,2,0,0,0,0,0,2,0,0,3,1
818,0,1,2,0,3,4,0,0,4,0,0,3,2,1,2,4,2,0,0,3,3,1,0,2,2,0,0,1,0,0,2,0,0,3,1
819,0,1,2,0,3,1,3,3,4,0,0,3,2,1,2,4,2,0,0,3,3,1,0,2,2,0,0,0,0,0,2,0,0,3,1
820,0,1,2,0,3,2,0,0,4,0,0,3,2,1,2,4,2,0,0,3,1,1,0,2,2,0,0,0,0,0,2,0,0,3,1
821,0,1,3,0,2,4,3,0,3,0,0,3,2,1,2,4,2,0,0,3,3,1,3,2,2,0,0,0,0,0,0,1,0,3,1
822,0,1,1,0,0,4,3,0,2,0,0,3,2,3,2,4,2,0,0,3,3,3,3,2,2,0,0,0,0,0,2,0,0,5,1
823,0,1,2,0,4,4,0,0,4,0,0,3,2,3,2,4,2,0,0,1,3,3,0,2,2,0,0,1,0,0,2,0,0,3,1
824,0,1,1,0,0,1,0,1,2,0,0,3,2,1,2,4,2,0,0,1,3,1,0,2,2,0,0,0,0,0,2,0,0,3,1
825,0,1,3,0,3,2,2,4,2,2,1,3,2,1,2,4,2,0,0,1,1,1,3,0,2,0,0,0,0,0,2,0,0,3,1
826,0,1,3,0,3,2,0,4,2,0,1,3,2,1,2,4,2,0,0,1,1,1,4,0,2,0,0,1,4,0,2,0,0,3,1
827,0,1,3,0,0,2,2,4,2,0,1,3,2,1,2,4,2,0,0,1,1,1,4,0,2,0,0,1,0,0,2,0,1,3,1
828,0,1,0,0,3,2,0,4,2,2,0,3,2,1,2,4,2,0,0,1,1,0,3,0,2,0,0,1,0,2,2,0,0,3,0
829,0,1,0,2,1,2,2,4,2,2,0,3,2,1,2,4,2,0,0,1,0,1,3,0,2,0,0,0,0,0,2,0,1,3,3
830,0,1,0,0,0,2,2,4,2,2,0,3,2,1,2,4,2,0,0,1,0,1,3,0,2,0,0,0,0,3,2,0,0,3,1
831,0,1,0,0,3,0,2,4,2,0,0,4,2,1,2,4,2,0,0,1,0,1,3,0,2,0,0,1,0,0,2,0,0,3,1
832,0,1,0,0,3,2,2,4,2,2,0,3,2,1,2,4,2,0,0,1,1,1,3,0,2,0,0,0,0,0,2,0,0,3,1
833,0,1,0,2,1,2,2,4,2,2,0,3,2,1,2,4,2,0,0,1,1,1,3,0,2,0,0,0,0,0,2,0,0,3,2
834,0,1,0,2,0,2,2,4,2,0,0,3,2,1,2,4,2,0,0,1,1,1,3,0,2,0,0,1,0,2,2,0,0,3,2
835,0,1,0,0,0,2,2,4,2,0,0,3,2,1,2,4,2,0,0,1,1,1,3,0,2,0,0,1,0,2,2,0,0,3,1
836,0,1,3,0,3,2,2,4,2,2,1,3,2,1,2,4,2,0,0,1,1,0,3,0,2,0,0,0,0,0,2,0,0,3,1
837,0,1,3,2,2,0,2,4,2,2,1,3,2,1,2,4,2,0,0,1,1,1,3,0,2,0,0,0,0,0,2,0,0,3,1
838,0,1,0,2,0,2,0,4,2,0,1,3,2,1,2,4,2,0,0,1,1,1,4,0,2,0,0,1,0,0,2,0,1,3,1
839,0,1,3,0,4,2,2,4,2,2,1,3,2,1,2,4,2,0,0,1,1,1,3,0,2,0,0,1,0,0,2,0,1,3,1
840,0,1,0,0,3,2,0,4,2,2,0,3,2,1,2,4,2,0,0,1,0,0,0,0,2,0,0,1,0,0,2,0,0,3,1
841,0,1,0,0,0,2,2,4,2,2,0,3,2,1,2,4,2,0,0,1,0,1,3,0,2,0,0,0,0,2,2,0,0,3,1
842,0,1,0,0,1,2,2,4,2,2,0,3,2,1,2,4,2,0,0,1,0,1,3,0,2,0,0,1,0,2,2,0,0,3,1
843,0,1,1,2,0,5,1,2,0,1,1,3,2,1,2,3,2,0,0,3,0,0,4,2,2,0,0,5,0,0,2,0,1,3,3
844,0,1,2,2,3,0,1,2,0,1,1,3,2,1,2,3,2,0,0,3,0,0,3,2,2,0,0,0,0,0,2,0,1,3,3
845,0,1,1,2,3,5,1,2,0,1,1,3,2,1,2,3,2,0,0,1,0,0,3,2,2,0,0,1,0,0,2,0,1,3,3
846,0,1,1,2,0,5,1,2,0,1,1,3,2,1,2,3,2,0,0,1,0,0,4,2,2,0,0,1,0,0,2,0,1,3,3
847,0,1,5,2,2,0,1,2,0,1,1,3,2,3,2,3,2,0,0,3,0,0,4,2,2,0,0,1,0,0,2,0,1,1,3
848,0,1,4,2,3,5,1,2,0,1,1,3,2,1,2,3,2,0,0,3,3,0,4,2,2,0,0,1,0,0,2,0,0,1,3
849,0,1,4,2,0,0,1,2,0,1,1,3,2,1,2,3,2,0,0,1,0,0,4,2,2,0,0,1,0,0,2,0,1,3,3
850,0,1,4,2,0,0,1,2,0,1,1,3,2,1,2,3,2,0,0,1,0,0,4,2,2,0,0,1,0,0,2,0,1,1,3
851,0,1,5,2,2,5,1,2,0,1,1,3,2,1,2,3,2,0,0,3,0,0,4,2,2,0,0,1,0,0,2,0,1,3,3
852,0,1,2,2,3,0,1,2,0,1,1,3,2,1,2,3,2,0,0,3,0,0,3,2,2,0,0,0,0,0,2,0,1,3,3
853,0,1,4,2,3,5,1,2,0,1,1,3,2,1,2,3,2,0,0,3,0,0,3,2,2,0,0,5,0,0,2,0,0,1,3
854,0,1,0,2,2,5,1,2,0,1,1,3,2,1,2,3,2,0,0,1,0,0,4,2,2,0,0,0,0,0,2,0,1,3,3
855,0,1,4,2,3,5,1,2,0,1,1,3,2,1,2,3,2,0,0,3,0,0,4,2,2,0,0,5,0,0,2,0,1,3,3
856,0,1,4,2,0,5,1,2,0,1,1,3,2,1,2,3,2,0,0,3,0,0,4,2,2,0,0,0,0,0,2,0,1,1,3
857,0,1,1,2,0,5,1,2,0,1,1,3,2,1,2,3,2,0,0,3,0,0,4,2,2,0,0,0,0,0,2,0,1,3,3
858,0,1,4,2,0,5,1,2,0,1,1,3,2,3,2,3,2,0,0,1,0,0,4,2,2,0,0,5,0,0,2,0,1,3,3
859,0,1,3,0,0,3,0,3,4,0,1,3,2,3,2,4,2,0,0,3,3,1,3,2,2,0,0,0,0,0,0,1,0,3,1
860,0,1,2,0,2,1,3,0,2,0,1,3,2,1,2,4,2,0,0,1,3,1,3,2,2,0,0,1,0,0,2,0,0,3,1
861,0,1,2,0,0,6,3,0,4,0,1,3,2,3,2,3,2,0,0,3,3,1,3,2,2,0,0,0,0,2,2,0,0,3,1
862,0,1,3,0,2,4,3,0,2,0,1,3,2,1,2,4,2,0,0,3,3,1,3,0,0,0,0,0,0,0,2,0,0,5,1
863,0,1,3,0,3,3,3,0,4,0,1,3,2,3,2,4,2,0,0,3,3,1,3,2,2,0,0,1,0,0,2,0,0,3,1
864,0,1,2,0,4,1,2,3,2,0,1,3,2,1,2,4,2,0,0,1,1,1,3,0,2,0,0,1,0,0,2,0,0,3,1
865,0,1,0,0,0,3,2,3,2,0,1,3,2,1,2,4,2,0,0,1,1,1,3,0,2,0,0,0,0,0,2,0,0,3,1
866,0,1,3,0,0,2,3,3,2,0,1,3,2,1,2,4,2,0,0,1,1,1,3,0,2,0,0,0,0,0,2,0,0,3,1
867,0,1,3,0,3,2,2,1,2,2,1,3,2,1,2,4,2,0,0,1,1,0,3,0,2,0,0,1,0,0,2,0,0,3,1
868,0,1,2,0,3,3,3,3,2,0,1,3,2,1,2,4,2,0,0,1,1,0,3,2,2,0,0,0,0,0,2,0,0,3,1
869,0,1,3,0,2,3,2,3,2,0,1,3,2,1,2,4,2,0,0,1,3,0,3,0,2,0,0,0,0,0,0,1,0,3,1
870,0,1,2,0,0,3,2,3,2,0,1,3,2,1,2,4,2,0,0,1,1,0,3,2,2,0,0,0,0,0,2,0,0,3,1
871,0,1,3,0,3,4,3,3,2,0,1,3,2,1,2,4,2,0,0,3,3,1,3,0,2,0,0,0,0,0,2,0,0,3,1
872,0,1,3,0,2,3,0,3,2,0,1,3,2,1,2,4,2,0,0,3,1,0,3,0,2,0,0,1,0,0,2,0,0,3,1
873,0,1,2,0,0,2,2,3,2,0,1,3,2,1,2,4,2,0,0,1,1,0,3,0,2,0,0,0,0,0,2,0,0,3,1
874,0,1,0,0,2,3,0,1,3,0,1,3,2,3,2,4,2,0,0,1,1,0,3,0,0,0,0,0,0,0,2,0,1,9,3
875,0,1,3,0,2,3,0,1,4,2,1,4,2,1,2,4,2,0,0,1,1,0,4,0,2,0,0,0,0,0,2,0,2,3,3
876,0,1,2,0,0,0,3,1,4,2,1,4,2,1,2,4,2,0,0,3,1,0,3,0,2,0,0,0,0,0,2,0,1,0,2
877,0,1,2,0,2,3,2,1,3,2,1,3,2,3,2,4,2,0,0,3,1,0,3,0,2,0,0,2,0,0,2,0,1,3,3
878,0,1,2,0,0,1,3,1,3,0,1,4,2,3,2,4,2,0,0,3,1,0,3,0,2,0,0,0,0,0,2,0,1,0,4
879,0,1,1,0,3,0,0,1,3,0,1,4,2,1,2,4,2,0,0,1,1,0,3,0,2,0,0,5,0,0,2,0,2,9,3
880,0,1,1,0,0,3,2,3,3,0,1,3,2,4,2,3,2,0,0,1,1,0,3,0,2,0,0,0,0,0,2,0,1,3,4
881,0,1,1,0,2,6,1,1,0,0,1,4,2,3,2,4,2,0,0,0,1,1,0,0,2,0,0,0,0,0,2,0,2,3,2
882,0,1,2,0,2,6,0,3,4,2,1,3,2,1,2,4,2,0,0,1,1,0,3,0,2,0,0,0,0,0,2,0,1,0,2
883,0,1,5,0,0,0,0,1,4,0,1,4,2,3,2,4,2,0,0,3,1,0,3,0,2,0,0,0,0,0,2,0,2,0,4
884,0,1,2,2,3,3,3,1,3,2,1,3,2,1,2,4,2,0,0,1,1,1,4,0,2,0,0,0,0,0,2,0,2,9,3
885,0,1,3,0,2,1,0,3,4,2,1,3,2,1,2,4,2,0,0,1,1,0,3,0,2,0,0,0,0,0,2,0,2,6,3
886,0,1,2,0,0,2,0,1,3,0,1,3,2,1,2,4,2,0,0,3,1,0,3,0,2,0,0,2,0,0,2,0,1,3,3
887,0,1,0,0,0,0,0,0,1,2,1,3,2,3,2,4,2,0,0,1,1,3,0,2,2,0,0,0,0,0,2,0,3,3,1
888,0,1,5,1,2,1,0,0,4,2,1,3,2,3,2,4,2,0,0,1,1,0,3,0,2,0,0,0,0,0,2,0,1,0,3
889,0,1,2,0,1,1,1,3,3,1,1,4,2,0,2,4,2,0,0,1,1,0,3,0,0,0,0,0,0,0,2,0,1,6,2
890,0,1,2,1,2,0,2,1,3,0,1,3,2,1,2,4,2,0,0,1,1,0,3,0,0,0,0,2,0,0,2,0,1,3,4
891,0,1,1,0,0,0,0,1,0,2,1,4,2,1,2,4,2,0,0,0,1,3,0,2,2,0,0,0,0,0,2,0,2,9,3
892,0,1,3,0,3,2,2,4,2,2,1,3,2,1,2,4,2,0,0,1,1,1,4,0,2,0,0,1,0,0,2,0,0,3,1
893,0,1,3,0,3,2,2,4,2,2,1,3,2,1,2,4,2,0,0,1,0,1,4,0,2,0,0,0,0,0,2,0,0,3,1
894,0,1,3,0,4,0,2,4,2,2,1,3,2,1,2,4,2,0,0,1,1,1,4,0,2,0,0,0,0,0,2,0,0,3,1
895,0,1,3,2,0,0,2,4,2,2,1,3,2,1,2,4,2,0,0,1,1,1,3,0,2,0,0,1,0,0,2,0,0,3,1
896,0,1,3,0,3,2,3,4,2,2,1,3,2,1,2,4,2,0,0,1,1,1,4,0,0,0,0,1,0,0,2,0,0,3,1
897,0,1,3,0,3,2,2,4,2,2,1,3,2,1,2,4,2,0,0,1,1,1,3,0,2,0,0,1,0,0,2,0,0,3,1
898,0,1,0,2,3,2,2,4,2,2,1,3,2,1,2,4,2,0,0,1,1,1,3,0,2,0,0,1,0,0,2,0,0,3,1
899,0,1,3,0,0,0,3,4,2,2,1,3,2,1,2,4,2,0,0,1,1,1,3,0,2,0,0,1,0,0,2,0,0,3,1
900,0,1,3,0,3,3,0,4,2,2,1,3,2,1,2,1,2,0,0,1,1,1,3,0,2,0,0,1,0,0,2,0,0,3,1
901,0,1,3,0,3,2,2,4,2,0,1,3,2,1,2,4,2,0,0,1,1,1,4,0,2,0,0,1,0,0,2,0,0,3,1
902,0,1,3,0,2,3,2,4,2,2,1,3,2,1,2,4,2,0,0,1,1,1,4,0,2,0,0,0,0,0,2,0,1,3,1
903,0,1,3,0,3,6,3,4,2,2,1,3,2,1,2,4,2,0,0,3,1,1,4,0,2,0,0,3,0,0,2,0,1,3,1
904,0,1,0,0,0,3,3,4,2,0,1,3,2,3,2,4,2,0,0,1,1,1,4,0,2,0,0,1,0,0,2,0,1,3,1
905,0,1,3,0,0,3,1,4,2,2,1,3,2,1,2,4,2,0,0,1,1,1,4,0,2,0,0,0,0,0,2,0,1,3,2
906,0,1,3,0,3,3,2,4,2,0,1,3,2,1,2,4,2,0,0,1,1,1,4,0,2,0,0,1,0,0,2,0,1,3,1
907,0,1,4,2,0,5,1,2,0,0,1,3,2,1,2,3,2,0,0,3,0,0,4,2,2,0,0,1,0,0,2,0,1,1,3
908,0,1,2,2,0,5,1,2,1,0,1,3,2,1,2,3,2,0,0,3,0,0,3,2,2,0,0,5,0,0,2,0,1,1,3
909,0,1,4,2,2,5,1,2,1,0,1,3,2,1,2,3,2,0,0,3,0,0,3,2,2,0,0,1,0,0,2,0,1,1,3
910,0,1,1,2,0,5,1,2,1,1,1,3,2,1,2,3,2,0,0,3,0,0,4,2,2,0,0,1,0,0,2,0,1,3,3
911,0,1,4,2,0,5,1,2,1,0,1,3,0,1,2,3,2,0,0,1,0,0,4,2,2,0,0,0,0,0,2,0,1,3,3
912,0,1,5,2,0,5,1,2,1,0,1,3,2,1,2,3,2,0,0,3,0,0,4,2,2,0,0,1,0,0,2,0,1,1,3
913,0,1,1,2,0,5,1,2,3,1,1,3,2,1,2,3,2,0,0,3,0,0,3,2,2,0,0,1,0,0,2,0,1,3,3
914,0,1,4,2,0,5,1,2,1,1,1,3,2,1,2,3,2,0,0,3,0,0,4,2,2,0,0,1,0,0,2,0,1,3,3
915,0,1,0,2,0,5,1,2,1,1,1,3,2,1,2,3,2,0,0,3,0,0,4,2,2,0,0,1,0,0,2,0,1,3,3
916,0,1,1,2,3,5,1,2,3,1,1,3,2,1,2,3,2,0,0,3,0,0,4,2,2,0,0,5,0,0,2,0,0,3,3
917,0,1,4,2,3,5,1,2,3,1,1,3,2,1,2,3,2,0,0,3,0,0,3,2,2,0,0,1,0,0,2,0,1,3,3
918,0,1,0,2,2,5,1,2,0,1,1,3,2,1,2,3,2,0,0,3,0,0,4,2,2,0,0,0,0,0,2,0,0,3,3
919,0,1,1,2,3,0,1,2,0,1,1,3,2,1,2,3,2,0,0,3,0,0,4,2,2,0,0,5,0,0,2,0,1,3,3
920,0,1,2,2,0,0,1,2,1,1,1,3,2,1,2,3,2,0,0,3,0,0,3,2,2,0,0,1,0,0,2,0,0,1,3
921,0,1,1,2,0,5,1,2,1,0,1,3,2,1,2,3,2,0,0,3,0,0,4,2,2,0,0,0,0,0,2,0,1,3,3
922,0,1,4,2,0,0,1,2,1,1,1,3,2,1,2,3,2,0,0,3,0,0,4,2,2,0,0,1,0,0,2,0,1,1,3
923,0,1,4,2,0,0,1,2,1,1,1,3,2,1,2,3,2,0,0,3,0,0,4,2,2,0,0,1,0,0,2,0,1,3,3
924,0,1,2,2,2,3,3,3,0,2,1,4,2,1,2,4,2,0,0,1,1,3,3,2,2,0,0,0,0,0,2,0,2,3,1
925,0,1,0,0,2,6,3,3,4,1,1,3,2,1,2,4,2,0,0,1,1,1,1,2,2,0,0,0,0,2,2,0,2,3,3
926,0,1,2,0,2,3,3,1,3,2,1,3,2,0,2,4,2,0,0,3,1,0,3,0,2,0,0,0,0,0,2,0,1,3,3
927,0,1,2,0,0,3,0,3,4,0,1,4,2,1,2,4,2,0,0,0,1,0,4,0,2,0,0,0,0,0,2,0,2,3,3
928,0,1,2,0,2,0,3,3,4,0,1,3,2,1,2,4,2,0,0,1,1,0,3,0,2,0,0,2,0,0,2,0,1,3,3
929,0,1,2,0,2,2,0,3,4,1,1,3,2,1,2,4,2,0,0,0,1,3,3,0,2,0,0,2,0,0,2,0,2,3,2
930,0,1,1,0,0,3,3,3,3,2,1,3,2,1,2,4,2,0,0,3,1,0,3,0,2,0,0,0,0,0,2,0,2,9,3
931,0,1,1,0,2,0,3,1,0,2,1,3,2,1,2,4,2,0,0,3,1,1,0,2,2,0,0,0,0,0,2,0,2,9,3
932,0,1,4,0,2,3,3,1,3,2,1,3,2,0,2,4,2,0,0,3,1,0,3,0,2,0,0,0,0,0,2,0,1,3,2
933,0,1,2,2,0,4,0,1,4,0,1,4,2,3,2,4,2,0,0,1,1,0,4,0,2,0,0,0,0,0,2,0,2,3,1
934,0,1,3,2,3,0,0,1,4,2,1,3,2,3,2,4,2,0,0,1,1,0,3,0,2,0,0,2,0,0,2,0,1,1,3
935,0,1,2,1,0,0,3,1,4,0,1,4,2,3,2,4,2,0,0,1,1,0,4,0,2,0,0,0,0,0,2,0,2,3,3
936,0,1,2,0,3,0,0,1,4,0,1,4,2,3,2,4,2,0,0,1,1,0,3,0,2,0,0,5,0,0,2,0,2,3,3
937,0,1,4,0,2,0,2,1,4,0,1,3,2,3,2,4,2,0,0,1,1,1,3,0,2,0,0,0,0,0,2,0,1,3,2
938,0,1,3,2,0,3,3,1,2,0,1,4,2,3,2,4,2,0,0,3,1,0,3,0,2,0,0,0,0,0,2,0,1,1,3
939,0,1,0,0,2,4,0,1,2,0,1,4,2,4,2,4,2,0,0,1,0,0,3,0,0,0,0,0,0,0,2,0,1,3,3
940,0,1,5,0,0,2,3,1,4,0,1,4,2,1,2,4,2,0,0,1,1,0,3,0,2,0,0,0,0,0,2,0,2,3,3
941,3,1,1,1,2,0,0,3,2,0,1,3,2,1,2,4,2,0,0,1,1,0,3,0,2,0,0,2,0,0,2,0,1,9,3
942,0,1,2,0,2,1,0,1,2,2,1,4,2,1,2,4,2,0,0,1,1,0,3,0,2,0,0,0,0,0,2,0,2,0,2
943,0,1,0,0,0,3,0,4,2,2,0,3,2,1,2,4,2,0,0,1,1,1,3,0,2,0,0,0,0,0,2,0,0,3,1
944,0,1,0,0,1,2,0,4,2,2,0,3,2,1,2,4,2,0,0,1,1,1,3,0,2,0,0,5,0,0,2,0,0,3,1
945,0,1,0,0,2,3,2,4,2,2,0,3,2,1,2,4,2,0,0,1,1,1,3,0,2,0,0,1,0,2,2,0,0,3,1
946,0,1,0,0,1,3,2,4,2,0,0,3,2,1,2,4,2,0,0,1,1,1,3,0,2,0,0,3,0,2,2,0,0,3,1
947,0,1,0,0,3,2,2,4,2,2,0,3,2,1,2,4,2,0,0,1,0,1,3,0,2,0,0,0,0,2,2,0,0,3,1
948,0,1,0,0,0,0,2,4,2,0,0,3,2,1,2,4,2,0,0,1,0,1,3,0,2,0,0,1,0,2,2,0,1,3,1
949,0,1,0,0,0,2,2,4,2,0,0,3,2,1,2,4,2,0,0,1,1,1,3,0,2,0,0,5,0,2,2,0,0,3,1
950,0,1,0,0,1,2,2,4,2,0,0,3,2,1,2,4,2,0,0,1,0,1,3,0,2,0,0,0,0,2,2,0,0,3,1
951,0,1,0,0,0,2,0,4,2,0,0,3,2,1,2,4,2,0,0,1,0,1,3,0,2,0,0,1,0,2,2,0,0,3,1
952,0,1,0,0,3,2,0,4,2,0,0,3,2,1,2,4,2,0,0,1,0,1,0,0,2,0,0,1,0,2,2,0,1,3,1
953,0,1,0,0,1,2,0,4,2,0,0,3,2,1,2,4,2,0,0,1,0,1,3,0,2,0,0,3,0,2,2,0,1,3,1
954,0,1,0,0,2,2,0,4,2,2,0,3,2,1,2,4,2,0,0,1,0,1,3,0,2,0,0,0,0,0,2,0,0,3,1
955,0,1,0,0,2,2,2,4,2,2,0,3,2,1,2,4,2,0,0,1,1,1,3,0,2,0,0,1,0,0,2,0,0,3,1
956,0,1,1,0,0,2,0,4,2,0,0,3,2,1,2,4,2,0,0,1,1,1,3,0,2,0,0,1,0,2,2,0,1,3,1
957,0,1,0,0,3,6,2,4,2,2,0,3,2,1,2,4,2,0,0,1,1,1,3,0,2,0,0,0,0,2,2,0,0,3,1
958,0,1,0,0,3,2,2,4,2,2,0,3,2,1,2,4,2,0,0,2,1,1,3,0,2,0,0,0,0,2,2,0,0,3,2
959,0,1,0,2,3,2,0,4,2,2,0,3,2,1,2,4,2,0,0,1,0,1,3,0,2,0,0,1,0,0,2,0,0,3,2
960,0,1,1,0,3,2,0,4,2,0,0,3,2,1,2,4,2,0,0,1,1,1,3,0,2,0,0,1,0,0,2,0,1,3,0
961,0,1,1,0,0,3,0,4,2,0,0,3,2,1,2,4,2,0,0,1,1,1,0,2,2,0,0,1,0,0,2,0,0,3,1
962,0,1,1,0,3,2,0,4,2,0,0,3,2,1,2,4,2,0,0,1,1,1,0,2,2,0,0,1,0,2,2,0,0,3,1
963,0,1,0,0,1,0,2,4,2,2,0,3,2,1,2,4,2,0,0,1,1,1,3,0,2,0,0,0,0,2,2,0,0,3,1
964,0,1,3,0,2,1,2,3,3,0,1,3,2,1,2,4,2,0,0,1,1,1,3,0,2,2,0,0,0,0,2,0,1,3,1
965,0,1,2,0,2,3,0,3,2,0,0,3,2,3,2,4,2,0,0,3,1,1,3,0,2,0,0,1,0,0,2,0,0,3,1
966,0,1,3,0,0,3,2,3,4,0,1,3,2,1,2,4,2,0,0,3,1,1,3,2,2,0,0,0,0,0,2,0,0,3,1
967,0,1,1,0,0,3,2,3,4,0,1,3,2,3,2,4,2,0,0,3,3,1,3,0,2,0,0,0,0,0,2,0,0,3,1
968,0,1,2,0,3,3,2,3,4,0,1,3,2,1,2,4,2,0,0,3,3,1,3,0,2,0,0,0,0,0,2,0,0,3,1
969,0,1,1,0,0,3,0,0,2,0,0,3,2,3,2,4,2,0,0,1,3,3,0,2,2,0,0,1,0,3,2,0,0,3,1
970,0,1,3,0,0,4,3,0,3,0,1,3,2,1,2,4,2,0,0,3,3,1,3,0,2,0,0,0,0,0,2,0,0,3,1
971,0,1,2,0,0,0,3,0,3,0,1,3,2,1,2,4,2,0,0,3,3,1,3,0,2,0,0,0,0,0,2,0,0,3,1
972,0,1,3,0,2,1,2,1,4,0,1,3,2,1,2,4,2,0,0,3,1,1,3,0,2,0,0,0,0,0,2,0,0,3,1
973,0,1,3,0,2,0,2,0,3,0,1,3,2,1,2,4,2,0,0,3,1,1,3,0,2,0,0,1,0,0,2,0,0,3,1
974,0,1,3,0,4,0,2,1,3,0,1,3,2,1,2,4,2,0,0,3,3,1,3,2,2,0,0,0,0,0,0,1,0,3,1
975,0,1,3,0,2,0,2,0,4,0,1,3,2,3,2,4,2,0,0,3,3,1,3,0,2,0,0,1,0,0,2,0,0,3,1
976,0,1,2,0,0,4,0,0,3,0,1,3,2,3,2,4,2,0,0,3,3,3,3,2,2,0,0,0,0,0,0,1,0,3,1
977,0,1,3,0,4,6,2,0,4,0,1,3,2,3,2,4,2,0,0,3,1,1,3,0,2,0,0,0,0,3,2,0,0,10,1
978,0,1,2,0,0,0,2,0,4,0,1,3,2,3,2,4,2,0,0,3,3,1,3,0,2,0,0,0,0,0,2,0,0,3,1
979,3,1,3,0,2,0,2,4,4,0,1,1,2,1,2,3,2,0,0,3,3,1,3,2,2,0,0,0,0,0,0,1,0,3,1
980,1,1,3,0,2,6,2,3,4,0,1,3,2,1,2,4,2,0,0,3,1,1,3,0,2,0,0,0,0,0,2,0,0,3,1
981,0,1,3,0,4,0,2,3,4,0,1,3,2,1,2,4,2,0,0,3,1,1,3,2,2,0,0,1,0,0,2,0,0,3,1
982,0,1,2,0,0,4,3,3,3,0,1,3,2,1,2,4,2,0,0,3,3,1,3,0,2,0,0,0,0,0,2,0,0,3,1
983,0,1,3,0,4,1,2,3,3,0,1,3,2,1,2,4,2,0,0,1,3,0,3,2,2,0,0,0,0,0,2,0,0,3,1
984,0,1,3,0,3,3,2,1,3,0,1,3,2,1,2,4,2,0,0,3,3,1,3,2,2,0,0,0,0,0,2,0,0,3,1
985,0,1,2,0,0,1,2,1,4,0,1,3,2,1,2,4,2,0,0,3,1,1,3,0,2,0,0,0,0,0,2,0,0,3,1
986,0,1,5,0,0,3,0,1,2,0,0,3,2,1,2,4,2,0,0,1,1,0,0,2,2,0,0,1,0,3,2,0,0,3,1
987,0,1,3,0,0,2,2,3,4,0,0,3,2,1,2,4,2,0,0,3,1,0,3,2,2,0,0,0,0,0,2,0,0,3,1
988,0,1,2,0,0,6,2,1,3,0,0,3,2,3,2,4,2,0,0,3,1,0,3,2,2,0,0,0,0,0,2,0,0,3,1
989,0,1,5,0,0,0,0,3,2,0,0,1,2,3,2,4,2,0,0,1,3,3,0,2,2,0,0,0,0,0,2,0,0,3,1
990,0,1,3,0,0,6,2,1,4,0,0,3,2,4,2,4,2,0,0,3,1,0,0,2,2,0,0,0,0,0,2,0,0,3,1
991,0,1,3,0,1,2,2,3,4,0,0,3,2,1,2,4,2,0,0,3,1,0,3,0,2,0,0,0,0,0,2,0,0,3,1
992,0,1,3,0,2,1,2,0,1,0,1,3,2,1,2,4,2,0,0,3,3,0,3,0,2,0,0,1,0,0,2,0,0,3,1
993,0,1,2,0,4,3,2,0,3,0,1,3,2,1,2,4,2,0,0,3,1,0,3,0,2,0,0,0,0,0,2,0,0,3,1
994,0,1,3,0,0,1,2,1,3,0,1,3,2,1,2,4,2,0,0,3,3,0,3,2,2,0,0,0,0,0,2,0,0,3,1
995,0,1,2,0,3,1,2,0,2,0,1,3,2,3,2,4,2,0,0,3,1,0,3,0,2,0,0,0,0,0,2,0,0,3,1
996,0,1,2,0,0,4,2,1,1,0,1,3,2,1,2,4,2,0,0,3,3,3,3,2,2,0,0,1,0,0,2,0,0,3,1
997,0,1,3,0,3,0,2,1,2,0,1,3,2,3,2,4,2,0,0,3,1,0,3,0,2,0,0,1,0,0,2,0,0,3,1
998,0,1,3,0,2,3,2,3,4,0,1,3,2,3,2,4,2,0,0,3,3,3,3,2,2,0,0,0,0,0,2,0,0,3,1
999,0,1,3,0,3,1,2,1,2,0,1,3,2,3,2,4,2,0,0,3,1,0,3,0,2,0,0,0,0,0,2,0,0,3,1
1000,0,1,4,2,2,0,1,2,1,1,0,3,2,1,2,3,2,0,0,3,0,1,0,2,2,0,0,1,0,0,2,0,1,1,3
1001,0,1,5,2,2,5,1,2,1,1,0,3,2,1,2,3,2,0,0,3,0,1,0,2,2,0,0,1,0,0,2,0,1,1,3
1002,0,1,4,2,2,0,1,2,1,1,0,3,2,1,2,3,2,0,0,3,3,3,0,2,2,0,0,1,0,0,2,0,1,3,3
1003,0,1,4,2,0,0,1,2,1,1,0,3,2,1,2,3,2,0,0,3,3,1,0,2,2,0,0,1,0,0,2,0,1,3,3
1004,0,1,1,2,0,5,1,2,0,1,0,3,2,1,2,3,2,0,0,3,1,0,0,2,2,0,0,1,0,0,2,0,1,3,3
1005,0,1,1,2,1,5,1,2,0,1,0,3,2,1,2,3,2,0,0,3,0,1,3,2,2,0,0,1,0,0,2,0,1,1,3
1006,0,1,1,2,1,5,1,2,1,1,0,3,2,1,2,3,2,0,0,3,0,1,0,2,2,0,0,1,0,0,2,0,1,3,3
1007,0,1,1,2,2,5,1,2,1,1,0,3,2,1,2,3,2,0,0,3,0,1,3,2,2,0,0,1,0,0,2,0,1,1,3
1008,0,1,4,2,3,5,1,2,2,1,0,3,2,1,2,3,2,0,0,3,0,0,3,2,2,0,0,5,0,0,2,0,1,1,3
1009,0,1,1,2,1,5,1,2,0,0,0,3,2,1,2,3,2,0,0,3,3,3,0,2,2,0,0,1,0,0,2,0,1,3,3
1010,0,1,1,2,1,5,1,2,1,1,0,3,2,1,2,3,2,0,0,3,0,0,3,2,2,0,0,1,0,0,2,0,1,1,3
1011,0,1,1,2,1,0,1,2,1,1,0,3,2,1,2,3,2,0,0,1,1,1,3,2,2,0,0,5,0,0,2,0,1,3,3
1012,0,1,4,2,2,5,1,2,0,1,0,3,2,1,2,3,2,0,0,3,0,1,3,2,2,0,0,5,0,0,2,0,1,1,3
1013,0,1,4,2,1,5,1,2,1,1,0,3,2,1,2,3,2,0,0,3,1,1,0,2,2,0,0,3,0,0,2,0,1,3,3
1014,0,1,0,2,2,5,1,2,1,1,0,3,2,1,2,3,2,0,0,3,0,1,3,2,2,0,0,1,0,0,2,0,1,0,3
1015,0,1,1,2,1,0,1,2,1,1,0,3,2,1,2,3,2,0,0,3,1,1,0,2,2,0,0,5,0,0,2,0,1,3,3
1016,0,1,1,2,1,5,1,2,1,1,0,3,2,1,2,3,2,0,0,3,1,0,0,2,2,0,0,1,0,0,2,0,1,3,3
1017,0,1,1,2,1,5,1,2,1,0,0,3,2,1,2,3,2,0,0,3,0,0,0,2,2,0,0,5,0,0,2,0,1,3,3
1018,0,1,4,2,1,5,1,2,1,1,0,3,2,1,2,3,2,0,0,1,0,0,3,2,2,0,0,1,0,0,2,0,0,1,3
1019,0,1,0,2,1,0,1,2,1,1,0,3,2,1,2,3,2,0,0,3,0,0,0,2,2,0,0,1,0,0,2,0,1,3,3
1020,0,1,1,2,1,5,1,2,1,1,0,3,2,3,2,3,2,0,0,3,0,1,3,2,2,0,0,1,0,0,2,0,1,3,3
1021,0,1,3,0,0,2,0,4,2,0,1,3,2,3,2,4,2,0,0,1,1,1,4,0,2,0,0,1,0,0,2,0,1,3,1
1022,0,1,3,0,4,6,2,4,2,2,1,3,2,1,2,4,2,0,0,1,1,1,3,0,2,0,0,0,0,0,2,0,0,3,1
1023,0,1,0,0,3,2,0,4,2,0,1,3,2,1,2,4,2,0,0,1,1,1,3,0,2,0,0,3,0,0,2,0,0,3,1
1024,0,1,0,0,0,2,2,4,2,0,1,3,2,1,2,4,2,0,0,3,1,1,4,0,2,0,0,1,0,0,2,0,1,3,2
1025,0,1,3,2,3,2,0,4,2,1,1,3,2,1,2,4,2,0,0,1,0,1,3,0,2,0,0,1,0,0,2,0,0,3,1
1026,0,1,2,2,0,6,2,4,2,0,1,3,2,1,2,4,2,0,0,1,0,1,4,0,2,0,0,1,0,0,2,0,1,3,2
1027,0,1,0,0,0,2,0,4,2,0,1,3,2,1,2,4,2,0,0,1,0,1,4,0,2,0,0,5,0,0,2,0,0,3,1
1028,0,1,3,0,3,2,0,4,2,1,1,3,2,1,2,4,2,0,0,1,1,1,3,0,2,0,0,0,0,0,2,0,0,3,1
1029,0,1,0,0,3,2,2,4,2,1,1,3,2,1,2,4,2,0,0,1,0,1,3,0,2,0,0,3,0,0,2,0,0,3,1
1030,0,1,0,0,4,2,0,4,2,0,1,3,2,1,2,4,2,0,0,1,0,1,3,0,2,0,0,1,0,0,2,0,0,3,0
1031,0,1,0,0,0,2,2,4,2,2,1,3,2,1,2,4,2,0,0,1,0,1,3,0,2,0,0,0,0,0,2,0,0,3,1
1032,0,1,3,0,0,0,2,4,2,0,1,3,2,1,2,4,2,0,0,1,0,1,4,0,2,0,0,3,0,2,2,0,1,3,1
1033,0,1,3,2,3,2,0,4,2,1,1,3,2,1,2,4,2,0,0,1,0,1,4,0,2,0,0,0,0,0,2,0,0,3,2
1034,0,1,0,0,3,2,0,4,2,1,1,3,2,1,2,4,2,0,0,1,1,1,3,0,2,0,0,1,0,0,2,0,0,3,1
1035,0,1,0,0,3,2,0,4,2,0,1,3,2,1,2,4,2,0,0,1,0,1,3,0,2,0,0,1,0,0,2,0,1,3,1
1036,0,1,0,0,0,3,0,4,2,0,1,3,2,1,2,4,2,0,0,1,1,1,4,0,2,0,0,3,0,0,2,0,0,3,1
1037,0,1,4,0,3,3,3,3,4,2,1,4,2,1,2,4,2,0,0,1,1,0,3,0,2,0,0,0,0,0,2,0,2,3,1
1038,0,1,2,0,0,0,3,1,4,2,1,3,2,3,2,4,2,0,0,1,1,0,3,0,2,0,0,0,0,0,2,0,1,3,2
1039,0,1,0,1,2,3,3,3,2,1,1,3,2,0,2,4,2,0,0,3,1,0,4,0,2,0,0,0,0,0,2,0,2,3,2
1040,0,1,3,0,2,6,3,1,4,2,1,4,2,1,2,4,2,0,0,1,1,0,3,0,2,0,0,0,0,0,2,0,2,0,3
1041,0,1,2,0,0,1,0,3,4,0,1,4,2,3,2,4,2,0,0,3,1,0,4,0,2,0,0,2,0,2,2,0,2,3,3
1042,0,1,2,2,0,3,3,3,2,2,1,4,2,1,2,4,2,0,0,1,1,0,3,0,2,0,0,0,0,0,2,0,2,0,2
1043,0,1,1,0,2,3,3,3,2,2,1,4,2,3,2,4,2,0,0,1,1,0,3,0,2,0,0,0,0,0,2,0,2,3,3
1044,0,1,0,0,3,3,0,3,4,2,1,3,2,1,2,4,2,0,0,1,1,0,3,0,2,0,0,0,0,0,2,0,1,3,3
1045,0,1,2,0,2,0,3,3,3,2,1,4,2,1,2,4,2,0,0,1,1,0,3,0,2,0,0,2,0,0,2,0,1,3,3
1046,0,1,0,0,0,3,3,3,4,0,1,4,2,1,2,4,2,0,0,3,1,0,4,0,2,0,0,0,0,0,2,0,2,3,3
1047,0,1,5,0,0,3,0,1,2,0,1,4,2,3,2,4,2,0,0,3,1,0,3,0,2,0,0,0,0,0,2,0,2,3,3
1048,0,1,2,2,0,6,2,1,2,2,1,4,2,1,2,4,2,0,0,1,1,0,3,0,2,0,0,2,0,0,2,0,2,3,2
1049,0,1,2,0,2,3,0,3,4,2,1,3,2,3,2,4,2,0,0,1,1,0,3,0,2,0,0,0,0,0,2,0,2,3,1
1050,0,1,5,0,0,6,0,1,4,0,1,1,2,1,2,4,2,0,0,1,1,0,3,0,2,0,0,0,0,0,2,0,2,3,2
1051,0,1,2,0,1,1,1,3,2,2,1,3,2,1,2,4,2,0,0,1,1,0,3,0,2,0,0,0,0,0,2,0,1,0,1
1052,0,1,1,1,0,4,0,3,4,2,1,4,2,3,2,4,2,0,0,1,1,0,3,0,2,0,0,0,0,0,2,0,2,9,1
1053,0,1,2,0,0,3,0,3,4,2,1,3,2,3,2,4,2,0,0,1,1,0,4,0,2,0,0,0,0,0,2,0,2,3,3
1054,0,1,2,0,0,3,3,3,2,2,1,4,2,3,2,3,2,0,0,1,1,0,3,0,2,0,0,2,0,0,2,0,2,0,2
1055,0,1,1,1,2,1,0,1,4,2,1,3,2,3,2,4,2,0,0,1,1,0,3,0,2,0,0,2,0,0,2,0,1,9,3
1056,0,1,1,0,0,1,0,1,1,1,1,3,2,1,2,4,2,0,0,0,1,3,4,2,2,0,0,0,0,0,2,0,2,9,3
1057,0,1,4,2,2,0,1,2,1,0,1,3,2,1,2,3,2,0,0,1,0,0,3,2,2,0,0,1,0,0,2,0,1,1,3
1058,0,1,0,2,0,5,1,2,1,0,1,3,2,1,2,3,2,0,0,3,0,0,4,2,2,0,0,1,0,0,2,0,1,0,3
1059,0,1,1,2,0,5,1,2,1,1,1,3,2,1,2,3,2,0,0,3,1,0,3,2,2,0,0,1,0,0,2,0,1,3,3
1060,0,1,0,2,0,5,1,2,0,1,1,3,2,1,2,3,2,0,0,3,1,1,3,2,2,0,0,5,0,0,2,0,1,3,3
1061,0,1,3,2,0,0,1,2,1,1,1,3,2,1,2,3,2,0,0,3,1,0,3,2,2,0,0,0,0,0,2,0,1,3,3
1062,0,1,0,2,3,0,1,2,1,1,1,3,2,1,2,3,2,0,0,3,1,0,4,2,2,0,0,1,0,0,2,0,1,3,3
1063,0,1,0,2,3,5,1,2,1,1,1,3,2,1,2,3,2,0,0,3,1,0,3,2,2,0,0,1,0,0,2,0,1,0,3
1064,0,1,1,2,0,5,1,2,1,1,1,3,2,1,2,3,2,0,0,3,1,0,4,2,2,0,0,5,0,0,2,0,1,3,3
1065,0,1,0,2,0,5,1,2,1,1,1,3,2,1,2,3,2,0,0,3,1,0,4,2,2,0,0,5,0,0,2,0,0,3,3
1066,0,1,4,2,0,5,1,2,1,0,1,3,2,1,2,3,2,0,0,1,1,0,3,2,2,0,0,1,0,0,2,0,1,1,3
1067,0,1,3,2,0,5,1,2,1,1,1,3,2,1,2,3,2,0,0,3,1,1,4,2,2,0,0,1,0,0,2,0,1,3,3
1068,0,1,4,2,2,0,1,2,0,1,1,3,2,1,2,3,2,0,0,3,1,0,4,2,2,0,0,1,0,0,2,0,1,1,3
1069,0,1,3,2,0,5,1,2,1,0,1,3,2,1,2,3,2,0,0,1,1,0,4,2,2,0,0,0,0,0,2,0,1,3,3
1070,0,1,4,2,0,0,1,2,1,1,1,3,2,1,2,3,2,0,0,3,1,1,4,2,2,0,0,5,0,0,2,0,1,3,3
1071,0,1,4,2,0,0,1,2,1,1,1,3,2,1,2,3,2,0,0,1,0,0,3,2,2,0,0,1,0,0,2,0,1,3,3
1072,0,1,0,2,0,0,1,2,1,1,1,3,2,1,2,3,2,0,0,3,0,0,4,2,2,0,0,5,0,0,2,0,1,3,3
1073,0,1,4,2,0,5,1,2,1,1,1,3,2,1,2,3,2,0,0,3,1,0,4,2,2,0,0,1,0,0,2,0,1,3,3
1074,0,1,0,2,0,5,1,2,1,1,1,3,2,1,2,3,2,0,0,3,1,0,4,2,2,0,0,1,0,0,2,0,0,3,3
1075,0,1,0,2,0,0,1,2,1,1,1,3,2,1,2,3,2,0,0,3,1,1,3,2,2,0,0,5,0,0,2,0,1,3,3
1076,0,1,0,2,0,0,1,2,1,1,1,3,2,1,2,3,2,0,0,3,1,1,4,2,2,0,0,0,0,0,2,0,1,3,3
1077,0,1,1,2,0,5,1,2,1,1,1,3,2,3,2,3,2,0,0,1,1,0,3,2,2,0,0,1,0,0,2,0,1,3,3
1078,0,1,0,2,0,5,1,2,0,1,1,3,2,1,2,3,2,0,0,3,1,0,4,2,2,0,0,1,0,0,2,0,1,3,3
1079,0,1,0,2,3,0,1,2,1,1,1,3,2,1,2,3,2,0,0,3,1,0,4,2,2,0,0,1,0,0,2,0,0,1,3
1080,0,1,0,2,0,5,1,2,1,1,1,3,2,1,2,3,2,0,0,3,0,0,4,2,2,0,0,1,0,0,2,0,1,3,3
1081,0,1,2,0,0,3,2,3,2,2,0,3,2,1,2,4,2,0,0,3,1,0,3,0,2,0,0,1,0,0,0,1,0,3,1
1082,0,1,5,0,4,1,2,0,2,0,0,3,2,1,2,4,2,0,0,1,1,0,0,2,2,0,0,0,0,0,2,0,0,3,1
1083,0,1,2,0,0,3,0,0,4,0,0,3,2,1,2,4,2,0,0,1,1,0,0,2,2,0,0,1,0,0,2,0,0,3,1
1084,0,1,1,0,0,1,0,3,2,0,0,3,2,1,2,4,2,0,0,1,3,0,0,2,2,0,0,0,0,0,2,0,0,3,1
1085,0,1,3,0,3,3,2,3,2,0,0,3,2,1,2,4,2,0,0,3,3,0,3,0,2,0,0,0,0,0,2,0,0,3,1
1086,0,1,1,0,0,3,2,3,4,0,0,3,2,1,2,4,2,0,0,3,3,0,3,2,2,0,0,1,0,0,2,0,0,3,1
1087,0,1,2,0,0,1,0,3,3,0,0,3,2,1,2,4,2,0,0,3,1,0,0,0,2,0,0,0,0,3,0,1,0,3,1
1088,0,1,3,0,0,3,2,0,3,0,0,3,2,3,2,4,2,0,0,3,3,0,3,2,2,0,0,0,0,0,0,1,0,3,1
1089,0,1,3,0,0,6,0,3,3,0,0,3,2,3,2,4,2,0,0,3,3,0,3,2,2,0,0,0,0,0,2,0,0,3,1
1090,0,1,5,0,0,3,0,0,2,0,0,3,2,3,2,4,2,0,0,1,1,0,0,2,2,0,0,1,0,0,0,1,0,3,1
1091,0,1,2,0,0,1,0,3,3,0,0,3,2,1,2,4,2,0,0,3,1,0,0,2,2,0,0,0,0,0,2,0,0,3,1
1092,0,1,2,0,0,2,0,3,3,0,0,3,2,1,2,4,2,0,0,3,1,0,3,2,2,0,0,0,0,0,2,0,0,3,1
1093,0,1,2,0,0,0,2,3,3,0,0,3,2,1,2,4,2,0,0,3,3,1,0,2,2,0,0,0,0,0,2,0,0,3,1
1094,0,1,2,0,0,1,2,0,3,0,0,3,2,3,2,4,2,0,0,3,3,1,3,0,2,0,0,0,0,2,2,0,0,3,1
1095,0,1,3,1,0,0,2,0,3,0,0,3,2,3,2,4,2,0,0,3,3,0,3,0,2,0,0,0,0,0,2,0,0,3,1
1096,0,1,1,0,0,0,2,3,3,0,0,3,2,1,2,4,2,0,0,3,1,0,0,0,2,0,0,0,0,0,2,0,0,3,1
1097,0,1,3,0,0,2,2,3,3,0,0,3,2,1,2,4,2,0,0,3,3,0,3,2,2,0,0,0,0,0,0,1,0,3,1
1098,0,1,3,0,3,0,2,3,3,0,0,3,2,1,2,4,2,0,0,3,3,0,3,0,2,0,0,0,0,0,2,0,0,3,1
1099,0,1,2,0,0,0,2,0,3,0,0,3,2,1,2,4,2,0,0,3,3,0,3,2,2,0,0,0,0,0,2,0,0,3,1
1100,0,1,3,0,4,4,0,0,2,0,0,3,2,3,2,3,2,0,0,3,3,0,3,2,2,0,0,1,0,0,2,0,0,3,1
1101,0,1,3,0,0,4,2,0,3,0,0,3,2,3,2,4,2,0,0,3,3,0,3,0,2,0,0,0,0,0,0,1,0,3,1
1102,0,1,0,0,3,3,3,3,4,2,1,4,2,1,2,4,2,0,0,1,1,0,3,0,2,0,0,0,0,0,2,0,2,3,3
1103,0,1,1,0,2,3,2,3,2,2,1,4,2,3,2,4,2,0,0,1,1,0,3,0,2,0,0,0,0,0,2,0,2,0,3
1104,0,1,1,0,3,0,3,3,2,2,1,3,2,1,2,4,2,0,0,1,1,0,3,0,2,0,0,0,0,0,2,0,2,3,1
1105,0,1,2,1,0,3,2,3,2,2,1,4,2,1,2,4,2,0,0,1,1,0,3,0,2,0,0,0,0,0,2,0,1,3,3
1106,0,1,2,0,0,3,2,1,2,0,1,4,2,1,2,4,2,0,0,1,1,0,3,0,2,0,0,2,0,0,2,0,2,3,2
1107,0,1,2,0,2,3,2,3,2,0,1,3,2,1,2,4,2,0,0,3,1,0,3,0,2,0,0,0,0,0,2,0,2,3,2
1108,0,1,2,1,2,3,2,3,2,0,1,3,2,1,2,4,2,0,0,1,1,0,3,0,2,0,0,0,0,0,2,0,1,3,1
1109,0,1,2,0,0,2,2,1,2,0,1,4,2,1,2,4,2,0,0,1,1,3,4,0,2,0,0,0,0,0,2,0,2,3,2
1110,0,1,2,0,2,3,0,3,2,2,1,3,2,1,2,4,2,0,0,1,1,0,3,0,2,0,0,0,0,0,2,0,1,3,3
1111,0,1,5,0,0,3,0,3,2,0,1,4,2,3,2,4,2,0,0,1,3,0,3,0,2,0,0,0,0,0,2,0,2,3,3
1112,0,1,0,0,0,3,2,3,4,0,1,3,2,1,2,4,2,0,0,3,1,1,3,0,2,0,0,0,0,0,2,0,2,3,3
1113,0,1,1,0,2,3,2,3,2,2,1,3,2,1,2,4,2,0,0,3,1,0,3,0,2,0,0,0,0,0,2,0,2,0,3
1114,0,1,2,0,0,2,3,3,2,2,1,4,2,1,2,4,2,0,0,1,1,0,3,0,2,0,0,0,0,2,2,0,2,3,3
1115,0,1,4,0,2,3,0,3,2,1,1,3,2,3,2,4,2,0,0,3,1,1,4,0,2,0,0,0,0,0,2,0,2,3,1
1116,0,1,2,1,0,0,0,3,2,2,1,3,2,1,2,4,2,0,0,1,1,0,3,0,2,0,0,2,0,2,2,0,1,3,2
1117,0,1,4,0,2,3,0,3,2,2,1,3,2,1,2,4,2,0,0,3,3,1,3,0,2,0,0,0,0,0,2,0,1,3,3
1118,0,1,4,1,0,3,2,3,2,2,1,3,2,1,2,4,2,0,0,1,1,0,3,0,2,0,0,0,0,2,2,0,2,3,1
1119,0,1,4,0,0,3,2,3,4,2,1,3,2,1,2,4,2,0,0,1,1,0,3,0,2,0,0,0,0,2,2,0,2,3,2
1120,0,1,2,0,2,3,3,3,2,2,1,3,2,1,2,4,2,0,0,1,1,0,4,0,2,0,0,0,0,2,2,0,2,3,2
1121,0,1,0,0,3,2,2,4,2,2,1,4,2,1,2,4,2,0,0,1,0,1,3,0,2,0,0,0,0,0,2,0,0,3,1
1122,0,1,0,0,0,2,2,4,2,0,1,3,2,1,2,4,2,0,0,1,0,1,3,0,2,0,0,3,0,0,2,0,0,3,1
1123,0,1,0,0,0,2,2,4,2,0,1,3,2,1,2,4,2,0,0,1,1,1,3,0,2,0,0,1,0,0,2,0,0,3,1
1124,0,1,0,2,0,2,2,4,2,2,1,3,2,1,2,4,2,0,0,1,1,1,3,0,2,0,0,0,0,0,2,0,0,3,1
1125,0,1,0,0,0,2,2,4,2,0,1,3,2,1,2,4,2,0,0,1,1,1,4,0,2,0,0,0,0,0,2,0,1,3,1
1126,0,1,3,0,3,2,2,1,2,2,1,3,2,1,2,4,2,0,0,1,1,1,3,0,2,0,0,0,0,0,2,0,0,3,1
1127,0,1,0,0,0,2,0,4,2,0,1,3,2,1,2,4,2,0,0,1,1,1,4,0,2,0,0,1,0,0,2,0,1,3,1
1128,0,1,2,0,0,2,2,4,2,0,1,3,2,1,2,4,2,0,0,1,1,1,4,0,2,0,0,3,0,0,2,0,0,3,2
1129,0,1,0,0,0,2,2,4,2,0,1,3,2,1,2,4,2,0,0,1,1,1,3,0,2,0,0,1,0,0,2,0,0,3,2
1130,0,1,0,2,0,2,2,4,2,0,1,3,2,1,2,3,2,0,0,1,1,1,3,0,2,0,0,0,0,0,2,0,0,3,2
1131,0,1,0,0,0,2,2,4,2,0,1,3,2,1,2,4,2,0,0,1,1,1,3,0,2,0,0,3,0,0,2,0,0,3,0
1132,0,1,3,0,3,3,2,4,2,2,1,3,2,1,2,4,2,0,0,1,1,1,3,0,2,0,0,0,0,0,2,0,0,3,1
1133,0,1,3,2,3,2,2,4,2,2,1,3,2,1,2,4,2,0,0,1,1,1,3,0,2,0,0,1,0,0,2,0,0,3,1
1134,0,1,3,0,0,2,2,4,1,0,1,3,2,1,2,4,2,0,0,1,1,1,4,0,2,0,0,1,0,0,2,0,1,3,1
1135,0,1,0,0,3,3,0,4,2,0,1,3,2,1,2,4,2,0,0,1,1,1,3,0,2,0,0,1,0,0,2,0,0,3,1
1136,0,1,3,0,3,2,0,4,2,0,1,3,2,1,2,4,2,0,0,1,1,1,3,0,2,0,0,0,0,0,2,0,0,3,1
1137,0,1,0,0,0,3,2,4,2,2,1,3,2,1,2,4,2,0,0,1,1,1,3,0,2,0,0,0,0,0,2,0,1,3,1
1138,0,1,3,0,2,2,2,4,2,2,1,3,2,1,2,4,2,0,0,1,1,1,3,0,2,0,0,0,0,0,2,0,0,3,1
1139,0,1,0,0,4,2,2,4,2,0,1,3,2,1,2,4,2,0,0,1,0,1,3,0,2,0,0,1,0,0,2,0,1,3,1
1140,0,1,1,2,3,5,1,2,1,1,1,3,2,1,2,3,2,0,0,3,1,0,4,2,2,0,0,1,0,0,2,0,1,3,3
1141,0,1,1,2,2,5,1,2,1,1,0,3,2,1,2,3,2,0,0,3,0,0,0,2,2,0,0,1,0,0,2,0,0,3,3
1142,0,1,1,2,1,0,1,2,1,1,0,3,2,1,2,3,2,0,0,3,1,1,0,2,2,0,0,5,0,0,2,0,1,3,3
1143,0,1,0,2,2,5,1,2,1,1,0,3,2,1,2,3,2,0,0,3,1,1,0,2,2,0,0,1,0,0,2,0,1,3,3
1144,0,1,0,2,0,5,1,2,0,1,0,3,0,1,2,3,2,0,0,3,0,1,0,2,2,0,0,1,0,0,2,0,1,3,3
1145,0,1,0,2,0,5,1,2,1,1,1,3,2,1,2,3,2,0,0,3,0,1,4,2,2,0,0,1,0,0,2,0,1,3,3
1146,0,1,4,2,0,5,1,2,2,1,1,3,2,1,2,3,2,0,0,3,1,0,4,2,2,0,0,5,0,0,2,0,1,3,3
1147,0,1,0,2,0,5,1,2,1,1,1,3,2,1,2,3,2,0,0,3,1,1,4,2,2,0,0,5,0,0,2,0,1,3,3
1148,0,1,0,2,2,5,1,2,1,1,1,3,2,1,2,3,2,0,0,3,0,0,3,2,2,0,0,5,0,0,2,0,1,3,3
1149,0,1,0,2,3,0,1,2,1,1,1,3,2,1,2,3,2,0,0,3,0,0,4,2,2,0,0,1,0,0,2,0,1,3,3
1150,0,1,0,2,3,0,1,2,1,1,1,3,2,1,2,3,2,0,0,3,0,0,4,2,2,0,0,5,0,0,2,0,1,3,3
1151,0,1,3,2,0,5,1,2,1,1,1,3,2,1,2,3,2,0,0,3,0,0,4,2,2,0,0,1,0,0,2,0,1,3,3
1152,0,1,0,2,3,5,1,2,1,1,1,3,2,1,2,3,2,0,0,3,0,0,4,2,2,0,0,5,0,0,2,0,1,1,3
1153,0,1,4,2,2,0,1,2,1,1,1,3,2,1,2,3,2,0,0,3,0,0,3,2,2,0,0,1,0,0,2,0,1,3,3
1154,0,1,0,2,0,0,1,2,1,1,1,3,2,1,2,3,2,0,0,3,1,0,3,2,2,0,0,5,0,0,2,0,1,3,3
1155,0,1,0,2,3,0,1,2,1,1,1,3,2,1,2,3,2,0,0,3,0,0,4,2,2,0,0,5,0,0,2,0,1,3,3
1156,0,1,0,2,0,0,1,2,0,1,1,3,2,1,2,3,2,0,0,3,0,0,4,2,2,0,0,5,0,0,2,0,1,3,3
1157,0,1,4,2,0,5,1,2,1,1,1,3,2,1,2,3,2,0,0,3,0,0,4,2,2,0,0,0,0,0,2,0,1,3,3
1158,0,1,2,0,0,3,0,3,1,0,0,3,2,3,2,4,2,0,0,1,1,0,0,0,2,0,0,1,0,0,2,0,0,3,1
1159,0,1,5,0,0,2,2,0,2,0,0,3,2,1,2,4,2,0,0,3,3,0,3,2,2,0,0,0,0,0,2,0,0,3,1
1160,0,1,3,0,3,3,2,3,3,0,0,3,2,3,2,4,2,0,0,3,3,1,3,2,2,0,0,0,0,0,2,0,0,3,1
1161,0,1,2,0,3,3,0,0,2,0,0,3,2,3,2,4,2,0,0,1,3,3,0,2,2,0,0,1,0,0,2,0,0,3,1
1162,0,1,3,0,1,3,2,3,4,0,0,3,2,3,2,4,2,0,0,3,3,0,3,0,2,0,0,0,0,0,2,0,0,3,1
1163,0,1,3,0,4,4,2,4,2,2,0,1,2,1,2,4,2,0,0,3,3,0,3,0,2,0,0,0,0,0,2,0,0,3,1
1164,0,1,2,0,0,2,0,0,4,0,0,3,2,3,2,4,2,0,0,3,1,0,0,0,2,0,0,1,0,0,2,0,0,3,1
1165,0,1,1,0,0,2,0,3,2,0,0,3,2,3,2,4,2,0,0,3,1,0,0,0,2,0,0,1,0,3,2,0,0,3,1
1166,0,1,1,0,0,2,2,0,2,0,0,3,2,3,2,4,2,0,0,3,3,0,3,2,2,0,0,0,0,0,2,0,0,3,1
1167,0,1,5,0,0,3,2,3,4,0,0,3,2,3,2,4,2,0,0,3,3,0,3,2,2,0,0,0,0,0,2,0,0,3,1
1168,0,1,0,0,3,2,2,3,2,0,0,3,2,1,2,4,2,0,0,3,1,0,3,0,2,0,0,0,0,0,2,0,0,3,1
1169,0,1,3,0,3,3,2,3,3,0,0,3,2,3,2,3,2,0,0,3,3,0,3,0,2,0,0,0,0,0,2,0,0,3,1
1170,0,1,1,0,4,3,0,3,4,0,0,3,2,1,2,4,2,0,0,1,1,0,0,2,2,0,0,1,0,0,2,0,0,3,1
1171,0,1,1,0,0,3,0,0,2,0,0,3,2,1,2,4,2,0,0,3,1,0,0,2,2,0,0,1,0,0,2,0,0,3,1
1172,0,1,3,0,3,3,2,0,4,0,0,3,2,3,2,4,2,0,0,3,3,0,3,0,2,0,0,0,0,0,2,0,0,3,1
1173,0,1,1,0,1,1,2,3,3,0,0,3,2,1,2,3,2,0,0,3,3,0,3,0,2,0,0,0,0,0,2,0,0,3,1
1174,0,1,3,0,0,1,2,0,4,0,0,3,2,3,2,4,2,0,0,3,3,0,3,0,2,0,0,0,0,0,2,0,0,3,1
1175,0,1,2,0,0,2,2,0,3,0,0,3,2,3,2,4,2,0,0,3,3,0,3,2,2,0,0,0,0,0,2,0,0,3,1
1176,0,1,5,0,1,2,2,3,4,0,0,3,2,3,2,4,2,0,0,3,3,0,3,2,2,0,0,0,0,0,2,0,0,3,1
1177,0,1,3,0,4,1,2,0,3,0,0,3,2,3,2,4,2,0,0,3,3,0,3,0,2,0,0,0,0,0,2,0,0,3,1
1178,0,1,1,0,0,3,0,3,2,0,0,3,2,1,2,4,2,0,0,3,1,0,0,2,2,0,0,1,0,3,2,0,0,3,1
1179,0,1,2,0,1,3,0,3,2,0,0,3,2,1,2,4,2,0,0,3,3,0,3,2,2,0,0,0,0,0,2,0,0,3,1
1180,0,1,0,0,3,2,2,4,2,0,1,3,2,1,2,4,2,0,0,1,1,1,4,0,2,0,0,1,0,0,2,0,1,3,1
1181,0,1,0,0,3,2,2,4,2,2,1,3,2,1,2,4,2,0,0,1,1,1,3,0,2,0,0,0,0,0,2,0,0,3,1
1182,0,1,3,0,0,2,0,4,2,0,1,3,2,1,2,4,2,0,0,1,1,1,3,0,2,0,0,0,0,0,2,0,0,3,1
1183,0,1,0,2,0,2,2,4,2,0,1,3,2,1,2,4,2,0,0,1,0,1,3,0,2,0,0,3,0,0,2,0,1,3,1
1184,0,1,0,0,2,0,2,4,2,0,1,3,2,1,2,4,2,0,0,1,1,1,3,0,2,0,0,0,0,0,2,0,0,3,1
1185,0,1,0,0,3,2,2,4,2,2,1,3,2,1,2,4,2,0,0,1,1,1,3,0,2,0,0,1,0,0,2,0,0,3,1
1186,0,1,0,2,0,2,2,4,2,0,1,3,2,1,2,4,2,0,0,1,1,1,4,0,2,0,0,1,4,0,2,0,1,3,1
1187,0,1,0,2,0,2,0,4,2,0,1,3,2,1,2,4,2,0,0,1,1,1,4,0,2,0,0,1,0,0,2,0,1,3,1
1188,0,1,0,0,3,2,2,4,2,0,1,3,2,1,2,4,2,0,0,1,1,1,4,0,2,0,0,3,0,0,2,0,0,3,1
1189,0,1,0,0,3,2,2,4,2,0,1,3,2,1,2,4,2,0,0,1,1,1,3,0,2,0,0,0,0,0,2,0,0,3,1
1190,0,1,0,0,0,2,0,4,2,0,1,3,2,1,2,4,2,0,0,1,1,1,4,0,2,0,0,1,0,0,2,0,0,3,1
1191,0,1,0,0,3,2,2,4,2,2,1,3,2,1,2,4,2,0,0,1,1,1,3,0,2,0,0,1,0,0,2,0,0,3,1
1192,0,1,4,0,1,3,0,3,2,2,1,4,2,3,2,4,2,0,0,1,3,1,3,0,2,0,0,0,0,2,2,0,2,3,1
1193,0,1,2,0,2,3,2,3,2,2,1,3,2,1,2,3,2,0,0,1,1,1,4,0,2,0,0,0,0,2,2,0,2,3,2
1194,0,1,4,0,2,3,0,3,2,2,1,3,2,1,2,3,2,0,0,1,1,1,3,0,2,0,0,0,0,2,2,0,2,3,1
1195,0,1,1,0,0,3,2,3,2,2,1,3,2,1,2,4,2,0,0,1,1,0,3,0,2,0,0,4,0,0,2,0,2,3,3
1196,0,1,4,0,3,3,2,3,4,2,1,4,2,3,2,4,2,0,0,1,1,0,3,0,2,0,0,0,0,0,2,0,2,3,3
1197,0,1,2,0,2,3,2,3,2,2,1,4,2,3,2,4,2,0,0,1,1,0,3,0,2,0,0,2,0,0,2,0,1,3,1
1198,0,1,4,0,2,3,0,3,2,0,1,3,2,3,2,4,2,0,0,1,1,0,3,0,2,0,0,2,0,0,2,0,1,3,3
1199,0,1,2,0,2,4,0,3,2,2,1,3,2,1,2,4,2,0,0,1,1,0,4,0,2,0,0,0,0,0,2,0,2,0,1
1200,0,1,2,1,2,3,2,3,2,2,1,3,2,1,2,4,2,0,0,1,3,1,4,0,2,0,0,0,0,0,2,0,2,3,3
1201,0,1,3,0,0,3,2,3,2,2,1,1,2,1,2,4,2,0,0,1,1,1,3,0,2,0,0,0,0,0,2,0,2,3,3
1202,0,1,1,0,2,3,2,3,2,0,1,3,2,3,2,4,2,0,0,1,1,1,3,0,2,0,0,0,0,0,2,0,2,9,3
1203,0,1,1,0,0,6,0,1,2,0,1,4,2,3,2,4,2,0,0,3,1,0,3,0,2,0,0,2,0,0,2,0,2,0,3
1204,0,1,2,1,2,2,2,3,2,2,1,4,2,1,2,4,2,0,0,1,1,0,3,0,2,0,0,2,0,0,2,0,1,3,1
1205,0,1,1,0,0,3,0,3,2,2,1,3,2,1,2,4,2,0,0,1,1,3,0,2,2,0,0,0,0,0,2,0,2,9,3
1206,0,1,0,2,3,5,1,2,0,1,1,3,2,1,2,3,2,0,0,3,0,1,4,2,2,0,0,1,0,0,2,0,1,1,3
1207,0,1,1,2,3,0,1,2,0,1,1,3,2,1,2,3,2,0,0,3,0,1,4,2,2,0,0,1,0,0,2,0,1,3,3
1208,0,1,0,2,2,0,1,2,1,1,1,3,2,1,2,3,2,0,0,3,0,1,4,2,2,0,0,5,0,0,2,0,1,3,3
1209,0,1,4,2,0,5,1,2,1,1,1,3,2,1,2,3,2,0,0,3,0,1,4,2,2,0,0,1,0,0,2,0,1,1,3
1210,0,1,1,2,3,5,1,2,1,1,1,3,2,1,2,3,2,0,0,3,1,1,4,2,2,0,0,5,0,0,2,0,1,3,3
1211,0,1,0,2,3,5,1,2,1,1,1,3,2,1,2,3,2,0,0,3,0,0,4,2,2,0,0,5,0,0,2,0,1,3,3
1212,0,1,1,2,0,0,1,2,1,1,1,3,2,1,2,3,2,0,0,3,0,0,4,2,2,0,0,1,0,0,2,0,0,3,3
1213,0,1,0,2,3,5,1,2,1,1,1,3,2,1,2,3,2,0,0,3,0,0,3,2,2,0,0,5,0,0,2,0,0,3,3
1214,0,1,3,2,0,0,1,2,0,1,1,3,2,1,2,3,2,0,0,3,0,0,3,2,2,0,0,5,0,0,2,0,1,3,3
1215,0,1,1,2,0,5,1,2,1,1,1,3,2,1,2,3,2,0,0,3,0,0,3,2,2,0,0,5,0,0,2,0,1,3,3
1216,0,1,5,2,0,0,1,2,1,1,1,3,2,1,2,3,2,0,0,3,0,0,3,2,2,0,0,1,0,0,2,0,1,1,3
1217,0,1,0,2,0,0,1,2,1,1,1,3,2,1,2,3,2,0,0,3,0,0,4,2,2,0,0,1,0,0,2,0,1,3,3
1218,0,1,4,2,3,0,1,2,1,1,1,3,2,1,2,3,2,0,0,3,0,0,3,2,2,0,0,5,0,0,2,0,1,3,3
1219,0,1,1,2,0,0,1,2,1,1,1,3,2,1,2,3,2,0,0,3,0,0,4,2,2,0,0,5,0,0,2,0,1,3,3
1220,0,1,1,2,0,0,1,2,1,1,1,3,2,1,2,3,2,0,0,3,0,0,3,2,2,0,0,5,0,0,2,0,1,3,3
1221,0,1,1,2,0,5,1,2,1,1,1,3,2,1,2,3,2,0,0,3,0,0,4,2,2,0,0,1,0,0,2,0,1,3,3
1222,0,1,1,2,3,5,1,2,1,1,1,3,2,1,2,3,2,0,0,3,0,0,3,2,2,0,0,5,0,0,2,0,1,3,3
1223,0,1,1,2,3,5,1,2,1,1,1,3,2,1,2,3,2,0,0,3,0,0,4,2,2,0,0,5,0,0,2,0,1,3,3
1224,0,1,4,2,0,5,1,2,0,1,1,3,2,1,2,3,2,0,0,3,0,0,4,2,2,0,0,5,0,0,2,0,1,3,3
1225,0,1,0,0,3,2,0,4,2,2,1,3,2,1,2,4,2,0,0,1,0,1,3,0,2,0,0,0,0,0,2,0,0,3,1
1226,0,1,0,0,0,2,2,4,2,2,1,3,2,1,2,4,2,0,0,1,1,1,3,0,2,0,0,1,0,0,2,0,0,3,1
1227,0,1,0,2,0,2,0,4,2,0,1,3,2,1,2,4,2,0,0,1,1,1,4,0,2,0,0,1,0,0,2,0,1,3,1
1228,0,1,0,2,0,2,0,4,2,0,1,3,2,1,2,4,2,0,0,1,1,1,4,0,2,0,0,0,0,0,2,0,0,3,1
1229,0,1,0,0,0,2,0,4,2,0,1,3,2,1,2,4,2,0,0,1,1,1,4,0,2,0,0,1,0,0,2,0,1,3,1
1230,0,1,3,0,0,3,0,4,2,2,1,3,2,1,2,4,2,0,0,1,1,1,3,0,2,0,0,1,0,0,2,0,0,3,1
1231,0,1,0,0,3,0,0,4,2,2,1,3,2,1,2,4,2,0,0,1,1,1,3,0,2,0,0,1,0,0,2,0,0,3,1
1232,0,1,0,0,3,2,0,4,2,0,1,3,2,1,2,4,2,0,0,1,1,1,3,0,2,0,0,1,0,2,2,0,0,3,1
1233,0,1,0,0,3,2,0,4,2,2,1,3,2,1,2,4,2,0,0,1,1,1,3,0,2,0,0,0,0,2,2,0,0,3,1
1234,0,1,2,0,0,0,0,4,2,2,1,3,2,1,2,4,2,0,0,1,1,1,3,0,2,0,0,0,0,0,2,0,0,3,1
1235,0,1,0,0,0,2,0,4,2,0,1,3,2,1,2,4,2,0,0,1,1,1,4,0,2,0,0,1,0,0,2,0,1,3,1
1236,0,1,0,0,3,0,0,4,2,0,1,4,2,1,2,4,2,0,0,1,1,1,3,0,2,0,0,0,0,0,2,0,0,3,1
1237,0,1,0,0,0,2,0,4,2,0,1,3,2,1,2,4,2,0,0,1,1,1,4,0,2,0,0,1,0,0,2,0,1,3,1
1238,0,1,0,0,4,2,0,4,2,0,1,3,2,1,2,4,2,0,0,1,1,1,3,0,2,0,0,0,0,0,2,0,0,3,1
1239,0,1,0,0,3,0,0,4,2,0,1,4,2,1,2,4,2,0,0,1,1,1,4,0,2,0,0,1,0,0,2,0,0,3,1
1240,0,1,1,0,0,3,2,3,2,0,1,4,2,3,2,4,2,0,0,3,3,1,3,0,2,0,0,0,0,0,2,0,2,0,3
1241,0,1,5,1,2,2,2,3,4,2,1,4,2,3,2,4,2,0,0,1,1,0,3,0,2,0,0,0,0,0,2,0,1,3,3
1242,0,1,3,0,2,2,2,3,2,2,1,4,2,1,2,4,2,0,0,1,1,0,4,0,2,0,0,0,0,0,2,0,1,3,3
1243,0,1,2,1,3,0,2,1,2,2,1,3,2,1,2,4,2,0,0,1,1,0,3,0,2,0,0,2,0,0,2,0,2,3,3
1244,0,1,5,0,0,3,2,3,4,2,1,4,2,3,2,4,2,0,0,1,1,0,4,0,2,0,0,4,0,0,2,0,2,3,1
1245,0,1,2,0,2,0,0,3,4,0,1,3,2,1,2,4,2,0,0,1,1,0,3,0,2,0,0,0,0,0,2,0,1,3,3
1246,0,1,2,1,0,0,2,3,2,2,1,3,2,1,2,4,2,0,0,1,3,1,4,0,2,0,0,0,0,2,2,0,2,3,1
1247,0,1,5,0,0,3,2,3,2,2,1,3,2,1,2,4,2,0,0,1,1,0,3,0,2,0,0,0,0,0,2,0,2,0,3
1248,0,1,2,1,2,3,2,3,2,1,1,4,2,1,2,4,2,0,0,1,1,0,3,0,2,0,0,4,0,0,2,0,1,3,1
1249,0,1,2,2,0,3,2,3,4,2,1,3,2,1,2,4,2,0,0,1,1,1,4,0,2,0,0,0,0,0,2,0,2,1,1
1250,0,1,2,0,3,1,0,3,2,2,1,3,2,1,2,4,2,0,0,3,3,1,3,0,2,0,0,2,0,0,2,0,2,3,1
1251,0,1,1,0,0,0,2,3,4,0,1,3,2,3,2,4,2,0,0,3,1,3,3,0,2,0,0,2,0,0,2,0,2,9,1
1252,0,1,2,1,2,6,2,3,2,2,1,3,2,3,2,4,2,0,0,1,1,0,3,0,2,0,0,0,0,0,2,0,1,3,3
1253,0,1,1,0,3,0,2,3,2,2,1,3,2,1,2,4,2,0,0,1,1,0,3,0,2,0,0,0,0,0,2,0,2,3,3
1254,0,1,2,1,0,3,2,1,4,2,1,4,2,1,2,4,2,0,0,1,1,0,3,0,2,0,0,0,0,0,2,0,2,3,1
1255,0,1,2,0,0,0,3,3,2,2,1,3,2,1,2,4,2,0,0,1,1,0,3,0,2,0,0,0,0,0,2,0,2,3,1
1256,0,1,2,1,2,0,2,3,2,1,1,3,2,3,2,4,2,0,0,3,3,1,4,0,2,0,0,2,0,0,2,0,2,3,1
1257,0,1,1,0,0,3,0,3,1,1,1,3,2,1,2,3,2,0,0,1,1,3,0,2,2,0,0,0,0,0,2,0,2,9,3
1258,0,1,3,0,0,3,2,3,4,0,0,3,2,1,2,4,2,0,0,3,3,0,3,2,2,0,0,0,0,0,2,0,0,3,1
1259,0,1,1,0,1,4,2,3,3,0,0,3,2,3,2,4,2,0,0,3,3,0,3,0,2,0,0,0,0,0,2,0,0,3,1
1260,0,1,5,0,1,0,2,3,2,0,0,3,2,1,2,4,2,0,0,3,1,0,3,2,2,0,0,1,0,0,2,0,0,3,1
1261,0,1,3,0,0,3,2,3,3,0,0,3,2,3,2,4,2,0,0,3,1,0,3,0,2,0,0,0,0,0,2,0,0,3,1
1262,0,1,2,0,0,3,2,3,2,2,0,3,2,1,2,4,2,0,0,1,1,0,3,2,2,0,0,0,0,0,2,0,0,3,1
1263,0,1,3,0,2,3,2,3,4,0,0,3,2,1,2,4,2,0,0,3,3,0,3,2,2,0,0,0,0,0,2,0,0,3,1
1264,0,1,1,0,0,0,0,3,2,0,0,3,2,3,2,4,2,0,0,3,3,3,0,2,2,0,0,1,0,0,2,0,0,3,1
1265,0,1,2,0,4,3,2,0,3,0,0,3,2,3,2,4,2,0,0,1,1,0,3,0,2,0,0,0,0,0,2,0,0,3,1
1266,0,1,3,0,3,3,2,3,3,0,0,3,2,3,2,4,2,0,0,3,3,0,3,0,2,0,0,0,0,0,2,0,0,3,1
1267,0,1,3,0,4,3,2,0,1,0,1,3,2,3,2,4,2,0,0,3,3,0,3,0,2,0,0,1,0,0,2,0,0,3,1
1268,0,1,2,0,0,0,2,3,1,0,0,3,2,3,2,4,2,0,0,3,3,0,3,0,2,0,0,0,0,0,2,0,0,3,1
1269,0,1,2,0,1,1,2,3,3,0,0,3,2,3,2,4,2,0,0,3,3,0,3,0,2,0,0,1,0,0,2,0,0,3,1
1270,0,1,5,0,0,3,2,0,2,0,0,3,2,3,2,3,2,0,0,3,1,0,3,0,2,0,0,1,0,0,2,0,0,3,1
1271,0,1,0,0,0,3,2,3,4,0,0,3,2,3,2,4,2,0,0,3,1,0,3,0,2,0,0,1,0,0,2,0,0,3,1
1272,0,1,0,0,0,3,2,0,2,0,0,3,2,1,2,4,2,0,0,1,3,1,3,2,2,0,0,0,0,0,2,0,0,3,1
1273,0,1,2,0,0,1,0,3,2,0,0,3,2,3,2,4,2,0,0,3,1,0,0,0,2,0,0,1,0,3,2,0,0,3,1
1274,0,1,2,0,0,4,0,0,1,0,1,3,2,3,2,4,2,0,0,1,3,1,0,2,2,0,0,1,0,0,2,0,0,3,1
1275,0,1,3,0,3,3,2,0,2,0,0,3,2,1,2,3,2,0,0,3,3,0,3,0,2,0,0,0,0,0,2,0,0,3,1
1276,0,1,1,0,4,3,2,0,2,0,0,3,2,1,2,4,2,0,0,3,1,0,0,2,2,0,0,0,0,0,2,0,0,3,1
